2026-04-27 11:19:34,722 [2] INFO  ChatClient.App - Application starting...
2026-04-27 11:19:34,767 [2] INFO  ChatClient.App - Connecting to 127.0.0.1:55556
2026-04-27 11:19:42,084 [2] INFO  Ticketing.Client.Gui.LoginWindow - Attempting login for user: razvan
2026-04-27 11:19:42,405 [11] DEBUG ChatNetworking.JsonProtocol.ChatServicesJsonProxy - RAW RESPONSE RECEIVED: 
2026-04-27 11:19:42,406 [11] DEBUG ChatNetworking.JsonProtocol.ChatServicesJsonProxy - Connection closed by server.
2026-04-27 11:19:42,407 [8] DEBUG ChatNetworking.JsonProtocol.ChatServicesJsonProxy - Error in Login
2026-04-27 11:19:42,410 [2] WARN  Ticketing.Client.Gui.LoginWindow - Login failed: Connection lost
2026-04-27 11:20:49,436 [2] INFO  ChatClient.App - Application starting...
2026-04-27 11:20:49,468 [2] INFO  ChatClient.App - Connecting to 127.0.0.1:55556
2026-04-27 11:21:02,691 [2] INFO  Ticketing.Client.Gui.LoginWindow - Attempting login for user: razvan
2026-04-27 11:25:50,990 [2] INFO  ChatClient.App - Application starting...
2026-04-27 11:25:51,020 [2] INFO  ChatClient.App - Connecting to 127.0.0.1:55556
2026-04-27 11:25:58,095 [2] INFO  Ticketing.Client.Gui.LoginWindow - Attempting login for user: razvan
2026-04-27 11:34:49,638 [8] DEBUG ChatNetworking.JsonProtocol.ChatServicesJsonProxy - RAW RESPONSE RECEIVED: 
2026-04-27 11:34:49,638 [8] DEBUG ChatNetworking.JsonProtocol.ChatServicesJsonProxy - Connection closed by server.
2026-04-27 11:41:10,646 [2] INFO  ChatClient.App - Application starting...
2026-04-27 11:41:10,683 [2] INFO  ChatClient.App - Connecting to 127.0.0.1:55556
2026-04-27 11:43:21,074 [2] INFO  Ticketing.Client.Gui.LoginWindow - Attempting login for user: razvan
2026-04-27 11:43:22,048 [8] DEBUG ChatNetworking.JsonProtocol.ChatServicesJsonProxy - RAW RESPONSE RECEIVED: 
2026-04-27 11:43:22,049 [8] DEBUG ChatNetworking.JsonProtocol.ChatServicesJsonProxy - Connection closed by server.
2026-04-27 11:43:22,054 [5] DEBUG ChatNetworking.JsonProtocol.ChatServicesJsonProxy - Error in Login
2026-04-27 11:46:29,010 [2] WARN  Ticketing.Client.Gui.LoginWindow - Login failed: Connection lost
2026-04-27 11:50:02,038 [2] INFO  ChatClient.App - Application starting...
2026-04-27 11:50:02,068 [2] INFO  ChatClient.App - Connecting to 127.0.0.1:55556
2026-04-27 11:50:51,481 [2] INFO  ChatClient.App - Application starting...
2026-04-27 11:50:51,499 [2] INFO  ChatClient.App - Connecting to 127.0.0.1:55556
2026-04-27 11:50:59,094 [2] INFO  Ticketing.Client.Gui.LoginWindow - Attempting login for user: razvan
2026-04-27 11:50:59,291 [11] DEBUG ChatNetworking.JsonProtocol.ChatServicesJsonProxy - RAW RESPONSE RECEIVED: 
2026-04-27 11:50:59,291 [11] DEBUG ChatNetworking.JsonProtocol.ChatServicesJsonProxy - Connection closed by server.
2026-04-27 11:50:59,292 [5] DEBUG ChatNetworking.JsonProtocol.ChatServicesJsonProxy - Error in Login
2026-04-27 11:50:59,294 [2] WARN  Ticketing.Client.Gui.LoginWindow - Login failed: Connection lost
2026-04-27 11:54:12,177 [2] INFO  ChatClient.App - Application starting...
2026-04-27 11:54:12,208 [2] INFO  ChatClient.App - Connecting to 127.0.0.1:55556
2026-04-27 11:54:32,640 [2] INFO  Ticketing.Client.Gui.LoginWindow - Attempting login for user: razvan
2026-04-27 11:54:33,580 [8] DEBUG ChatNetworking.JsonProtocol.ChatServicesJsonProxy - RAW RESPONSE RECEIVED: 
2026-04-27 11:54:33,581 [8] DEBUG ChatNetworking.JsonProtocol.ChatServicesJsonProxy - Connection closed by server.
2026-04-27 11:54:33,586 [5] DEBUG ChatNetworking.JsonProtocol.ChatServicesJsonProxy - Error in Login
2026-04-27 11:59:40,081 [2] INFO  ChatClient.App - Application starting...
2026-04-27 11:59:40,120 [2] INFO  ChatClient.App - Connecting to 127.0.0.1:55556
2026-04-27 12:00:07,647 [2] INFO  Ticketing.Client.Gui.LoginWindow - Attempting login for user: razvan
2026-04-27 12:00:08,043 [14] DEBUG ChatNetworking.JsonProtocol.ChatServicesJsonProxy - RAW RESPONSE RECEIVED: {"type":"Ok","errorMessage":null,"data":null}
2026-04-27 12:00:54,445 [14] DEBUG ChatNetworking.JsonProtocol.ChatServicesJsonProxy - RAW RESPONSE RECEIVED: {"type":"ArtistsList","errorMessage":null,"data":[{"id":15,"name":"AAAAA"},{"id":14,"name":"Adele"},{"id":13,"name":"Bryan Adams"},{"id":12,"name":"Cargo"},{"id":24,"name":"GNR"},{"id":27,"name":"T2"},{"id":26,"name":"Test"},{"id":16,"name":"dnf"},{"id":36,"name":"ggg"},{"id":17,"name":"msndnd"}]}
2026-04-27 12:01:06,704 [14] DEBUG ChatNetworking.JsonProtocol.ChatServicesJsonProxy - RAW RESPONSE RECEIVED: {"type":"Success","errorMessage":null,"data":null}
2026-04-27 12:01:06,706 [14] DEBUG ChatNetworking.JsonProtocol.ChatServicesJsonProxy - RAW RESPONSE RECEIVED: {"type":"ArtistsList","errorMessage":null,"data":[{"id":15,"name":"AAAAA"},{"id":14,"name":"Adele"},{"id":13,"name":"Bryan Adams"},{"id":12,"name":"Cargo"},{"id":37,"name":"GG"},{"id":24,"name":"GNR"},{"id":27,"name":"T2"},{"id":26,"name":"Test"},{"id":16,"name":"dnf"},{"id":36,"name":"ggg"},{"id":17,"name":"msndnd"}]}
2026-04-27 12:01:06,708 [14] DEBUG ChatNetworking.JsonProtocol.ChatServicesJsonProxy - RAW RESPONSE RECEIVED: {"type":"DomainDataChanged","errorMessage":"ARTISTS","data":null}
2026-04-27 12:01:06,710 [14] DEBUG ChatClient.MainWindow - Domain update notification: ALL
2026-04-27 12:25:24,338 [2] INFO  ChatClient.App - Application starting...
2026-04-27 12:25:24,362 [2] INFO  ChatClient.App - Connecting to 127.0.0.1:55556
2026-04-27 12:25:37,085 [2] INFO  Ticketing.Client.Gui.LoginWindow - Attempting login for user: razvan
2026-04-27 12:25:37,481 [12] DEBUG ChatNetworking.JsonProtocol.ChatServicesJsonProxy - RAW RESPONSE RECEIVED: {"type":"Ok","errorMessage":null,"data":null}
2026-04-27 12:25:40,684 [12] DEBUG ChatNetworking.JsonProtocol.ChatServicesJsonProxy - RAW RESPONSE RECEIVED: {"type":"SpectaclesList","errorMessage":null,"data":[{"id":2,"name":"Untold Festival 2024","startDate":"2024-08-08T18:00:00","duration":84,"capacity":100000,"location":"Cluj Arena"},{"id":3,"name":"Electric Castle","startDate":"2024-07-17T14:00:00","duration":100,"capacity":49990,"location":"Castelul Banffy"},{"id":4,"name":"Concert Coldplay","startDate":"2024-06-12T20:00:00","duration":3,"capacity":49981,"location":"Arena Nationala"},{"id":5,"name":"Summer Well","startDate":"2024-08-09T16:00:00","duration":50,"capacity":20000,"location":"Domeniul Stirbey"},{"id":6,"name":"Beach, Please!","startDate":"2024-07-10T12:00:00","duration":96,"capacity":79988,"location":"Costinesti"},{"id":7,"name":"Massif Poiana Brasov","startDate":"2024-03-14T17:00:00","duration":72,"capacity":15000,"location":"Poiana Brasov"},{"id":13,"name":"OradeaSound","startDate":"2026-04-11T00:00:56","duration":3,"capacity":100,"location":"Oradea"}]}
2026-04-27 12:25:40,719 [12] DEBUG ChatNetworking.JsonProtocol.ChatServicesJsonProxy - RAW RESPONSE RECEIVED: {"type":"IntegerValue","errorMessage":null,"data":35}
2026-04-27 12:25:40,724 [12] DEBUG ChatNetworking.JsonProtocol.ChatServicesJsonProxy - RAW RESPONSE RECEIVED: {"type":"IntegerValue","errorMessage":null,"data":10}
2026-04-27 12:25:40,726 [12] DEBUG ChatNetworking.JsonProtocol.ChatServicesJsonProxy - RAW RESPONSE RECEIVED: {"type":"IntegerValue","errorMessage":null,"data":0}
2026-04-27 12:25:40,727 [12] DEBUG ChatNetworking.JsonProtocol.ChatServicesJsonProxy - RAW RESPONSE RECEIVED: {"type":"IntegerValue","errorMessage":null,"data":1}
2026-04-27 12:25:40,729 [12] DEBUG ChatNetworking.JsonProtocol.ChatServicesJsonProxy - RAW RESPONSE RECEIVED: {"type":"IntegerValue","errorMessage":null,"data":0}
2026-04-27 12:25:40,730 [12] DEBUG ChatNetworking.JsonProtocol.ChatServicesJsonProxy - RAW RESPONSE RECEIVED: {"type":"IntegerValue","errorMessage":null,"data":13}
2026-04-27 12:25:40,732 [12] DEBUG ChatNetworking.JsonProtocol.ChatServicesJsonProxy - RAW RESPONSE RECEIVED: {"type":"IntegerValue","errorMessage":null,"data":100}
2026-04-27 12:26:21,464 [12] DEBUG ChatNetworking.JsonProtocol.ChatServicesJsonProxy - RAW RESPONSE RECEIVED: {"type":"DomainDataChanged","errorMessage":"SPECTACLES","data":null}
2026-04-27 12:26:21,466 [12] DEBUG ChatClient.MainWindow - Domain update notification: ALL
2026-04-27 12:57:58,845 [2] INFO  ChatClient.App - Application starting...
2026-04-27 12:57:58,857 [2] INFO  ChatClient.App - Connecting to 127.0.0.1:55556
2026-04-27 12:58:06,480 [2] INFO  Ticketing.Client.Gui.LoginWindow - Attempting login for user: razvan
2026-04-27 12:58:06,673 [11] DEBUG ChatNetworking.JsonProtocol.ChatServicesJsonProxy - RAW RESPONSE RECEIVED: {"type":"Ok","errorMessage":null,"data":null}
2026-04-27 12:58:13,810 [11] DEBUG ChatNetworking.JsonProtocol.ChatServicesJsonProxy - RAW RESPONSE RECEIVED: {"type":"Ok","errorMessage":null,"data":null}
2026-04-27 12:58:13,810 [11] DEBUG ChatNetworking.JsonProtocol.ChatServicesJsonProxy - RAW RESPONSE RECEIVED: 
2026-04-27 12:58:13,811 [11] DEBUG ChatNetworking.JsonProtocol.ChatServicesJsonProxy - Connection closed by server.
2026-04-27 12:58:41,152 [2] INFO  Ticketing.Client.Gui.LoginWindow - Attempting login for user: razvan
2026-04-27 12:58:41,249 [13] DEBUG ChatNetworking.JsonProtocol.ChatServicesJsonProxy - RAW RESPONSE RECEIVED: {"type":"Ok","errorMessage":null,"data":null}
2026-04-27 12:58:44,343 [13] DEBUG ChatNetworking.JsonProtocol.ChatServicesJsonProxy - RAW RESPONSE RECEIVED: {"type":"ArtistsList","errorMessage":null,"data":[{"id":15,"name":"AAAAA"},{"id":14,"name":"Adele"},{"id":13,"name":"Bryan Adams"},{"id":12,"name":"Cargo"},{"id":37,"name":"GG"},{"id":24,"name":"GNR"},{"id":27,"name":"T2"},{"id":26,"name":"Test"},{"id":16,"name":"dnf"},{"id":36,"name":"ggg"},{"id":17,"name":"msndnd"}]}
2026-04-27 12:58:53,089 [13] DEBUG ChatNetworking.JsonProtocol.ChatServicesJsonProxy - RAW RESPONSE RECEIVED: {"type":"Success","errorMessage":null,"data":null}
2026-04-27 12:58:53,092 [13] DEBUG ChatNetworking.JsonProtocol.ChatServicesJsonProxy - RAW RESPONSE RECEIVED: {"type":"DomainDataChanged","errorMessage":"ARTISTS","data":null}
2026-04-27 12:58:53,093 [13] DEBUG ChatClient.MainWindow - Domain update notification: ALL
2026-04-27 12:58:53,108 [13] DEBUG ChatNetworking.JsonProtocol.ChatServicesJsonProxy - RAW RESPONSE RECEIVED: {"type":"ArtistsList","errorMessage":null,"data":[{"id":15,"name":"AAAAA"},{"id":14,"name":"Adele"},{"id":13,"name":"Bryan Adams"},{"id":12,"name":"Cargo"},{"id":37,"name":"GG"},{"id":24,"name":"GNR"},{"id":38,"name":"JJ"},{"id":27,"name":"T2"},{"id":26,"name":"Test"},{"id":16,"name":"dnf"},{"id":36,"name":"ggg"},{"id":17,"name":"msndnd"}]}
2026-04-27 12:59:15,934 [13] DEBUG ChatNetworking.JsonProtocol.ChatServicesJsonProxy - RAW RESPONSE RECEIVED: {"type":"FriendLoggedIn","errorMessage":null,"data":{"id":"razvan2","passwd":"rac2"}}
2026-04-27 12:59:31,794 [13] DEBUG ChatNetworking.JsonProtocol.ChatServicesJsonProxy - RAW RESPONSE RECEIVED: {"type":"DomainDataChanged","errorMessage":"ARTISTS","data":null}
2026-04-27 12:59:31,794 [13] DEBUG ChatClient.MainWindow - Domain update notification: ALL
2026-04-27 12:59:31,797 [13] DEBUG ChatNetworking.JsonProtocol.ChatServicesJsonProxy - RAW RESPONSE RECEIVED: {"type":"ArtistsList","errorMessage":null,"data":[{"id":15,"name":"AAAAA"},{"id":14,"name":"Adele"},{"id":13,"name":"Bryan Adams"},{"id":12,"name":"Cargo"},{"id":37,"name":"GG"},{"id":24,"name":"GNR"},{"id":39,"name":"HHK"},{"id":38,"name":"JJ"},{"id":27,"name":"T2"},{"id":26,"name":"Test"},{"id":16,"name":"dnf"},{"id":36,"name":"ggg"},{"id":17,"name":"msndnd"}]}
2026-04-27 12:59:35,863 [13] DEBUG ChatNetworking.JsonProtocol.ChatServicesJsonProxy - RAW RESPONSE RECEIVED: {"type":"Success","errorMessage":null,"data":null}
2026-04-27 12:59:35,863 [13] DEBUG ChatNetworking.JsonProtocol.ChatServicesJsonProxy - RAW RESPONSE RECEIVED: {"type":"DomainDataChanged","errorMessage":"ARTISTS","data":null}
2026-04-27 12:59:35,863 [13] DEBUG ChatClient.MainWindow - Domain update notification: ALL
2026-04-27 12:59:35,867 [13] DEBUG ChatNetworking.JsonProtocol.ChatServicesJsonProxy - RAW RESPONSE RECEIVED: {"type":"ArtistsList","errorMessage":null,"data":[{"id":15,"name":"AAAAA"},{"id":14,"name":"Adele"},{"id":13,"name":"Bryan Adams"},{"id":12,"name":"Cargo"},{"id":37,"name":"GG"},{"id":24,"name":"GNR"},{"id":38,"name":"JJ"},{"id":27,"name":"T2"},{"id":26,"name":"Test"},{"id":16,"name":"dnf"},{"id":36,"name":"ggg"},{"id":17,"name":"msndnd"}]}
2026-04-27 12:59:39,660 [13] DEBUG ChatNetworking.JsonProtocol.ChatServicesJsonProxy - RAW RESPONSE RECEIVED: {"type":"Success","errorMessage":null,"data":null}
2026-04-27 12:59:39,660 [13] DEBUG ChatNetworking.JsonProtocol.ChatServicesJsonProxy - RAW RESPONSE RECEIVED: {"type":"DomainDataChanged","errorMessage":"ARTISTS","data":null}
2026-04-27 12:59:39,660 [13] DEBUG ChatClient.MainWindow - Domain update notification: ALL
2026-04-27 12:59:39,663 [13] DEBUG ChatNetworking.JsonProtocol.ChatServicesJsonProxy - RAW RESPONSE RECEIVED: {"type":"ArtistsList","errorMessage":null,"data":[{"id":15,"name":"AAAAA"},{"id":14,"name":"Adele"},{"id":13,"name":"Bryan Adams"},{"id":12,"name":"Cargo"},{"id":37,"name":"GG"},{"id":24,"name":"GNR"},{"id":38,"name":"JJ"},{"id":27,"name":"T2"},{"id":26,"name":"Test"},{"id":16,"name":"dnf"},{"id":36,"name":"ggg"}]}
2026-04-27 12:59:46,970 [13] DEBUG ChatNetworking.JsonProtocol.ChatServicesJsonProxy - RAW RESPONSE RECEIVED: {"type":"SpectaclesList","errorMessage":null,"data":[{"id":2,"name":"Untold Festival 2024","startDate":"2024-08-08T18:00:00","duration":84,"capacity":100000,"location":"Cluj Arena"},{"id":3,"name":"Electric Castle","startDate":"2024-07-17T14:00:00","duration":100,"capacity":49990,"location":"Castelul Banffy"},{"id":4,"name":"Concert Coldplay","startDate":"2024-06-12T20:00:00","duration":3,"capacity":49981,"location":"Arena Nationala"},{"id":5,"name":"Summer Well","startDate":"2024-08-09T16:00:00","duration":50,"capacity":20000,"location":"Domeniul Stirbey"},{"id":6,"name":"Beach, Please!","startDate":"2024-07-10T12:00:00","duration":96,"capacity":79988,"location":"Costinesti"},{"id":7,"name":"Massif Poiana Brasov","startDate":"2024-03-14T17:00:00","duration":72,"capacity":15000,"location":"Poiana Brasov"},{"id":13,"name":"OradeaSound","startDate":"2026-04-11T00:00:56","duration":3,"capacity":100,"location":"Oradea"}]}
2026-04-27 12:59:46,978 [13] DEBUG ChatNetworking.JsonProtocol.ChatServicesJsonProxy - RAW RESPONSE RECEIVED: {"type":"IntegerValue","errorMessage":null,"data":40}
2026-04-27 12:59:46,980 [13] DEBUG ChatNetworking.JsonProtocol.ChatServicesJsonProxy - RAW RESPONSE RECEIVED: {"type":"IntegerValue","errorMessage":null,"data":10}
2026-04-27 12:59:46,981 [13] DEBUG ChatNetworking.JsonProtocol.ChatServicesJsonProxy - RAW RESPONSE RECEIVED: {"type":"IntegerValue","errorMessage":null,"data":0}
2026-04-27 12:59:46,981 [13] DEBUG ChatNetworking.JsonProtocol.ChatServicesJsonProxy - RAW RESPONSE RECEIVED: {"type":"IntegerValue","errorMessage":null,"data":1}
2026-04-27 12:59:46,982 [13] DEBUG ChatNetworking.JsonProtocol.ChatServicesJsonProxy - RAW RESPONSE RECEIVED: {"type":"IntegerValue","errorMessage":null,"data":0}
2026-04-27 12:59:46,982 [13] DEBUG ChatNetworking.JsonProtocol.ChatServicesJsonProxy - RAW RESPONSE RECEIVED: {"type":"IntegerValue","errorMessage":null,"data":13}
2026-04-27 12:59:46,983 [13] DEBUG ChatNetworking.JsonProtocol.ChatServicesJsonProxy - RAW RESPONSE RECEIVED: {"type":"IntegerValue","errorMessage":null,"data":100}
2026-04-27 13:00:13,461 [13] DEBUG ChatNetworking.JsonProtocol.ChatServicesJsonProxy - RAW RESPONSE RECEIVED: {"type":"Error","errorMessage":"Nu mai sunt suficiente locuri!","data":null}
2026-04-27 13:00:19,538 [13] DEBUG ChatNetworking.JsonProtocol.ChatServicesJsonProxy - RAW RESPONSE RECEIVED: {"type":"DomainDataChanged","errorMessage":"SALES","data":null}
2026-04-27 13:00:19,538 [13] DEBUG ChatClient.MainWindow - Domain update notification: ALL
2026-04-27 13:00:19,538 [13] DEBUG ChatNetworking.JsonProtocol.ChatServicesJsonProxy - RAW RESPONSE RECEIVED: {"type":"DomainDataChanged","errorMessage":"SPECTACLES","data":null}
2026-04-27 13:00:19,538 [13] DEBUG ChatClient.MainWindow - Domain update notification: ALL
2026-04-27 13:00:19,538 [13] DEBUG ChatNetworking.JsonProtocol.ChatServicesJsonProxy - RAW RESPONSE RECEIVED: {"type":"DomainDataChanged","errorMessage":"BUYERS","data":null}
2026-04-27 13:00:19,538 [13] DEBUG ChatClient.MainWindow - Domain update notification: ALL
2026-04-27 13:00:19,545 [13] DEBUG ChatNetworking.JsonProtocol.ChatServicesJsonProxy - RAW RESPONSE RECEIVED: {"type":"TicketSale","errorMessage":null,"data":{"id":26,"spectacleId":7,"buyerId":13,"buyerName":"lll","seats":10,"soldAt":"2026-04-27T13:00:19","spectacleName":"Massif Poiana Brasov"}}
2026-04-27 13:00:19,555 [13] DEBUG ChatNetworking.JsonProtocol.ChatServicesJsonProxy - RAW RESPONSE RECEIVED: {"type":"SpectaclesList","errorMessage":null,"data":[{"id":2,"name":"Untold Festival 2024","startDate":"2024-08-08T18:00:00","duration":84,"capacity":100000,"location":"Cluj Arena"},{"id":3,"name":"Electric Castle","startDate":"2024-07-17T14:00:00","duration":100,"capacity":49990,"location":"Castelul Banffy"},{"id":4,"name":"Concert Coldplay","startDate":"2024-06-12T20:00:00","duration":3,"capacity":49981,"location":"Arena Nationala"},{"id":5,"name":"Summer Well","startDate":"2024-08-09T16:00:00","duration":50,"capacity":20000,"location":"Domeniul Stirbey"},{"id":6,"name":"Beach, Please!","startDate":"2024-07-10T12:00:00","duration":96,"capacity":79988,"location":"Costinesti"},{"id":7,"name":"Massif Poiana Brasov","startDate":"2024-03-14T17:00:00","duration":72,"capacity":15000,"location":"Poiana Brasov"},{"id":13,"name":"OradeaSound","startDate":"2026-04-11T00:00:56","duration":3,"capacity":100,"location":"Oradea"}]}
2026-04-27 13:00:19,556 [13] DEBUG ChatNetworking.JsonProtocol.ChatServicesJsonProxy - RAW RESPONSE RECEIVED: {"type":"IntegerValue","errorMessage":null,"data":40}
2026-04-27 13:00:19,559 [13] DEBUG ChatNetworking.JsonProtocol.ChatServicesJsonProxy - RAW RESPONSE RECEIVED: {"type":"IntegerValue","errorMessage":null,"data":10}
2026-04-27 13:00:19,560 [13] DEBUG ChatNetworking.JsonProtocol.ChatServicesJsonProxy - RAW RESPONSE RECEIVED: {"type":"IntegerValue","errorMessage":null,"data":0}
2026-04-27 13:00:19,561 [13] DEBUG ChatNetworking.JsonProtocol.ChatServicesJsonProxy - RAW RESPONSE RECEIVED: {"type":"IntegerValue","errorMessage":null,"data":1}
2026-04-27 13:00:19,562 [13] DEBUG ChatNetworking.JsonProtocol.ChatServicesJsonProxy - RAW RESPONSE RECEIVED: {"type":"IntegerValue","errorMessage":null,"data":0}
2026-04-27 13:00:19,563 [13] DEBUG ChatNetworking.JsonProtocol.ChatServicesJsonProxy - RAW RESPONSE RECEIVED: {"type":"IntegerValue","errorMessage":null,"data":23}
2026-04-27 13:00:19,564 [13] DEBUG ChatNetworking.JsonProtocol.ChatServicesJsonProxy - RAW RESPONSE RECEIVED: {"type":"IntegerValue","errorMessage":null,"data":100}
2026-04-27 13:00:19,565 [13] DEBUG ChatNetworking.JsonProtocol.ChatServicesJsonProxy - RAW RESPONSE RECEIVED: {"type":"SpectaclesList","errorMessage":null,"data":[{"id":2,"name":"Untold Festival 2024","startDate":"2024-08-08T18:00:00","duration":84,"capacity":100000,"location":"Cluj Arena"},{"id":3,"name":"Electric Castle","startDate":"2024-07-17T14:00:00","duration":100,"capacity":49990,"location":"Castelul Banffy"},{"id":4,"name":"Concert Coldplay","startDate":"2024-06-12T20:00:00","duration":3,"capacity":49981,"location":"Arena Nationala"},{"id":5,"name":"Summer Well","startDate":"2024-08-09T16:00:00","duration":50,"capacity":20000,"location":"Domeniul Stirbey"},{"id":6,"name":"Beach, Please!","startDate":"2024-07-10T12:00:00","duration":96,"capacity":79988,"location":"Costinesti"},{"id":7,"name":"Massif Poiana Brasov","startDate":"2024-03-14T17:00:00","duration":72,"capacity":15000,"location":"Poiana Brasov"},{"id":13,"name":"OradeaSound","startDate":"2026-04-11T00:00:56","duration":3,"capacity":100,"location":"Oradea"}]}
2026-04-27 13:00:19,566 [13] DEBUG ChatNetworking.JsonProtocol.ChatServicesJsonProxy - RAW RESPONSE RECEIVED: {"type":"IntegerValue","errorMessage":null,"data":40}
2026-04-27 13:00:19,567 [13] DEBUG ChatNetworking.JsonProtocol.ChatServicesJsonProxy - RAW RESPONSE RECEIVED: {"type":"IntegerValue","errorMessage":null,"data":10}
2026-04-27 13:00:19,569 [13] DEBUG ChatNetworking.JsonProtocol.ChatServicesJsonProxy - RAW RESPONSE RECEIVED: {"type":"IntegerValue","errorMessage":null,"data":0}
2026-04-27 13:00:19,570 [13] DEBUG ChatNetworking.JsonProtocol.ChatServicesJsonProxy - RAW RESPONSE RECEIVED: {"type":"IntegerValue","errorMessage":null,"data":1}
2026-04-27 13:00:19,571 [13] DEBUG ChatNetworking.JsonProtocol.ChatServicesJsonProxy - RAW RESPONSE RECEIVED: {"type":"IntegerValue","errorMessage":null,"data":0}
2026-04-27 13:00:19,572 [13] DEBUG ChatNetworking.JsonProtocol.ChatServicesJsonProxy - RAW RESPONSE RECEIVED: {"type":"IntegerValue","errorMessage":null,"data":23}
2026-04-27 13:00:19,573 [13] DEBUG ChatNetworking.JsonProtocol.ChatServicesJsonProxy - RAW RESPONSE RECEIVED: {"type":"IntegerValue","errorMessage":null,"data":100}
2026-04-27 13:00:19,574 [13] DEBUG ChatNetworking.JsonProtocol.ChatServicesJsonProxy - RAW RESPONSE RECEIVED: {"type":"SpectaclesList","errorMessage":null,"data":[{"id":2,"name":"Untold Festival 2024","startDate":"2024-08-08T18:00:00","duration":84,"capacity":100000,"location":"Cluj Arena"},{"id":3,"name":"Electric Castle","startDate":"2024-07-17T14:00:00","duration":100,"capacity":49990,"location":"Castelul Banffy"},{"id":4,"name":"Concert Coldplay","startDate":"2024-06-12T20:00:00","duration":3,"capacity":49981,"location":"Arena Nationala"},{"id":5,"name":"Summer Well","startDate":"2024-08-09T16:00:00","duration":50,"capacity":20000,"location":"Domeniul Stirbey"},{"id":6,"name":"Beach, Please!","startDate":"2024-07-10T12:00:00","duration":96,"capacity":79988,"location":"Costinesti"},{"id":7,"name":"Massif Poiana Brasov","startDate":"2024-03-14T17:00:00","duration":72,"capacity":15000,"location":"Poiana Brasov"},{"id":13,"name":"OradeaSound","startDate":"2026-04-11T00:00:56","duration":3,"capacity":100,"location":"Oradea"}]}
2026-04-27 13:00:19,575 [13] DEBUG ChatNetworking.JsonProtocol.ChatServicesJsonProxy - RAW RESPONSE RECEIVED: {"type":"IntegerValue","errorMessage":null,"data":40}
2026-04-27 13:00:19,576 [13] DEBUG ChatNetworking.JsonProtocol.ChatServicesJsonProxy - RAW RESPONSE RECEIVED: {"type":"IntegerValue","errorMessage":null,"data":10}
2026-04-27 13:00:19,577 [13] DEBUG ChatNetworking.JsonProtocol.ChatServicesJsonProxy - RAW RESPONSE RECEIVED: {"type":"IntegerValue","errorMessage":null,"data":0}
2026-04-27 13:00:19,578 [13] DEBUG ChatNetworking.JsonProtocol.ChatServicesJsonProxy - RAW RESPONSE RECEIVED: {"type":"IntegerValue","errorMessage":null,"data":1}
2026-04-27 13:00:19,579 [13] DEBUG ChatNetworking.JsonProtocol.ChatServicesJsonProxy - RAW RESPONSE RECEIVED: {"type":"IntegerValue","errorMessage":null,"data":0}
2026-04-27 13:00:19,580 [13] DEBUG ChatNetworking.JsonProtocol.ChatServicesJsonProxy - RAW RESPONSE RECEIVED: {"type":"IntegerValue","errorMessage":null,"data":23}
2026-04-27 13:00:19,581 [13] DEBUG ChatNetworking.JsonProtocol.ChatServicesJsonProxy - RAW RESPONSE RECEIVED: {"type":"IntegerValue","errorMessage":null,"data":100}
2026-04-27 13:00:19,582 [13] DEBUG ChatNetworking.JsonProtocol.ChatServicesJsonProxy - RAW RESPONSE RECEIVED: {"type":"SpectaclesList","errorMessage":null,"data":[{"id":2,"name":"Untold Festival 2024","startDate":"2024-08-08T18:00:00","duration":84,"capacity":100000,"location":"Cluj Arena"},{"id":3,"name":"Electric Castle","startDate":"2024-07-17T14:00:00","duration":100,"capacity":49990,"location":"Castelul Banffy"},{"id":4,"name":"Concert Coldplay","startDate":"2024-06-12T20:00:00","duration":3,"capacity":49981,"location":"Arena Nationala"},{"id":5,"name":"Summer Well","startDate":"2024-08-09T16:00:00","duration":50,"capacity":20000,"location":"Domeniul Stirbey"},{"id":6,"name":"Beach, Please!","startDate":"2024-07-10T12:00:00","duration":96,"capacity":79988,"location":"Costinesti"},{"id":7,"name":"Massif Poiana Brasov","startDate":"2024-03-14T17:00:00","duration":72,"capacity":15000,"location":"Poiana Brasov"},{"id":13,"name":"OradeaSound","startDate":"2026-04-11T00:00:56","duration":3,"capacity":100,"location":"Oradea"}]}
2026-04-27 13:00:19,583 [13] DEBUG ChatNetworking.JsonProtocol.ChatServicesJsonProxy - RAW RESPONSE RECEIVED: {"type":"IntegerValue","errorMessage":null,"data":40}
2026-04-27 13:00:19,585 [13] DEBUG ChatNetworking.JsonProtocol.ChatServicesJsonProxy - RAW RESPONSE RECEIVED: {"type":"IntegerValue","errorMessage":null,"data":10}
2026-04-27 13:00:19,586 [13] DEBUG ChatNetworking.JsonProtocol.ChatServicesJsonProxy - RAW RESPONSE RECEIVED: {"type":"IntegerValue","errorMessage":null,"data":0}
2026-04-27 13:00:19,586 [13] DEBUG ChatNetworking.JsonProtocol.ChatServicesJsonProxy - RAW RESPONSE RECEIVED: {"type":"IntegerValue","errorMessage":null,"data":1}
2026-04-27 13:00:19,588 [13] DEBUG ChatNetworking.JsonProtocol.ChatServicesJsonProxy - RAW RESPONSE RECEIVED: {"type":"IntegerValue","errorMessage":null,"data":0}
2026-04-27 13:00:19,589 [13] DEBUG ChatNetworking.JsonProtocol.ChatServicesJsonProxy - RAW RESPONSE RECEIVED: {"type":"IntegerValue","errorMessage":null,"data":23}
2026-04-27 13:00:19,590 [13] DEBUG ChatNetworking.JsonProtocol.ChatServicesJsonProxy - RAW RESPONSE RECEIVED: {"type":"IntegerValue","errorMessage":null,"data":100}
2026-04-27 13:00:19,591 [13] DEBUG ChatNetworking.JsonProtocol.ChatServicesJsonProxy - RAW RESPONSE RECEIVED: {"type":"SpectaclesList","errorMessage":null,"data":[{"id":2,"name":"Untold Festival 2024","startDate":"2024-08-08T18:00:00","duration":84,"capacity":100000,"location":"Cluj Arena"},{"id":3,"name":"Electric Castle","startDate":"2024-07-17T14:00:00","duration":100,"capacity":49990,"location":"Castelul Banffy"},{"id":4,"name":"Concert Coldplay","startDate":"2024-06-12T20:00:00","duration":3,"capacity":49981,"location":"Arena Nationala"},{"id":5,"name":"Summer Well","startDate":"2024-08-09T16:00:00","duration":50,"capacity":20000,"location":"Domeniul Stirbey"},{"id":6,"name":"Beach, Please!","startDate":"2024-07-10T12:00:00","duration":96,"capacity":79988,"location":"Costinesti"},{"id":7,"name":"Massif Poiana Brasov","startDate":"2024-03-14T17:00:00","duration":72,"capacity":15000,"location":"Poiana Brasov"},{"id":13,"name":"OradeaSound","startDate":"2026-04-11T00:00:56","duration":3,"capacity":100,"location":"Oradea"}]}
2026-04-27 13:00:19,592 [13] DEBUG ChatNetworking.JsonProtocol.ChatServicesJsonProxy - RAW RESPONSE RECEIVED: {"type":"IntegerValue","errorMessage":null,"data":40}
2026-04-27 13:00:19,593 [13] DEBUG ChatNetworking.JsonProtocol.ChatServicesJsonProxy - RAW RESPONSE RECEIVED: {"type":"IntegerValue","errorMessage":null,"data":10}
2026-04-27 13:00:19,608 [13] DEBUG ChatNetworking.JsonProtocol.ChatServicesJsonProxy - RAW RESPONSE RECEIVED: {"type":"IntegerValue","errorMessage":null,"data":0}
2026-04-27 13:00:19,609 [13] DEBUG ChatNetworking.JsonProtocol.ChatServicesJsonProxy - RAW RESPONSE RECEIVED: {"type":"IntegerValue","errorMessage":null,"data":1}
2026-04-27 13:00:19,610 [13] DEBUG ChatNetworking.JsonProtocol.ChatServicesJsonProxy - RAW RESPONSE RECEIVED: {"type":"IntegerValue","errorMessage":null,"data":0}
2026-04-27 13:00:19,611 [13] DEBUG ChatNetworking.JsonProtocol.ChatServicesJsonProxy - RAW RESPONSE RECEIVED: {"type":"IntegerValue","errorMessage":null,"data":23}
2026-04-27 13:00:19,611 [13] DEBUG ChatNetworking.JsonProtocol.ChatServicesJsonProxy - RAW RESPONSE RECEIVED: {"type":"IntegerValue","errorMessage":null,"data":100}
2026-04-27 13:00:19,612 [13] DEBUG ChatNetworking.JsonProtocol.ChatServicesJsonProxy - RAW RESPONSE RECEIVED: {"type":"SpectaclesList","errorMessage":null,"data":[{"id":2,"name":"Untold Festival 2024","startDate":"2024-08-08T18:00:00","duration":84,"capacity":100000,"location":"Cluj Arena"},{"id":3,"name":"Electric Castle","startDate":"2024-07-17T14:00:00","duration":100,"capacity":49990,"location":"Castelul Banffy"},{"id":4,"name":"Concert Coldplay","startDate":"2024-06-12T20:00:00","duration":3,"capacity":49981,"location":"Arena Nationala"},{"id":5,"name":"Summer Well","startDate":"2024-08-09T16:00:00","duration":50,"capacity":20000,"location":"Domeniul Stirbey"},{"id":6,"name":"Beach, Please!","startDate":"2024-07-10T12:00:00","duration":96,"capacity":79988,"location":"Costinesti"},{"id":7,"name":"Massif Poiana Brasov","startDate":"2024-03-14T17:00:00","duration":72,"capacity":15000,"location":"Poiana Brasov"},{"id":13,"name":"OradeaSound","startDate":"2026-04-11T00:00:56","duration":3,"capacity":100,"location":"Oradea"}]}
2026-04-27 13:00:19,613 [13] DEBUG ChatNetworking.JsonProtocol.ChatServicesJsonProxy - RAW RESPONSE RECEIVED: {"type":"IntegerValue","errorMessage":null,"data":40}
2026-04-27 13:00:19,614 [13] DEBUG ChatNetworking.JsonProtocol.ChatServicesJsonProxy - RAW RESPONSE RECEIVED: {"type":"IntegerValue","errorMessage":null,"data":10}
2026-04-27 13:00:19,614 [13] DEBUG ChatNetworking.JsonProtocol.ChatServicesJsonProxy - RAW RESPONSE RECEIVED: {"type":"IntegerValue","errorMessage":null,"data":0}
2026-04-27 13:00:19,615 [13] DEBUG ChatNetworking.JsonProtocol.ChatServicesJsonProxy - RAW RESPONSE RECEIVED: {"type":"IntegerValue","errorMessage":null,"data":1}
2026-04-27 13:00:19,616 [13] DEBUG ChatNetworking.JsonProtocol.ChatServicesJsonProxy - RAW RESPONSE RECEIVED: {"type":"IntegerValue","errorMessage":null,"data":0}
2026-04-27 13:00:19,616 [13] DEBUG ChatNetworking.JsonProtocol.ChatServicesJsonProxy - RAW RESPONSE RECEIVED: {"type":"IntegerValue","errorMessage":null,"data":23}
2026-04-27 13:00:19,617 [13] DEBUG ChatNetworking.JsonProtocol.ChatServicesJsonProxy - RAW RESPONSE RECEIVED: {"type":"IntegerValue","errorMessage":null,"data":100}
2026-04-27 13:00:51,520 [13] DEBUG ChatNetworking.JsonProtocol.ChatServicesJsonProxy - RAW RESPONSE RECEIVED: {"type":"SpectaclesList","errorMessage":null,"data":[{"id":2,"name":"Untold Festival 2024","startDate":"2024-08-08T18:00:00","duration":84,"capacity":100000,"location":"Cluj Arena"},{"id":3,"name":"Electric Castle","startDate":"2024-07-17T14:00:00","duration":100,"capacity":49990,"location":"Castelul Banffy"},{"id":4,"name":"Concert Coldplay","startDate":"2024-06-12T20:00:00","duration":3,"capacity":49981,"location":"Arena Nationala"},{"id":5,"name":"Summer Well","startDate":"2024-08-09T16:00:00","duration":50,"capacity":20000,"location":"Domeniul Stirbey"},{"id":6,"name":"Beach, Please!","startDate":"2024-07-10T12:00:00","duration":96,"capacity":79988,"location":"Costinesti"},{"id":7,"name":"Massif Poiana Brasov","startDate":"2024-03-14T17:00:00","duration":72,"capacity":15000,"location":"Poiana Brasov"},{"id":13,"name":"OradeaSound","startDate":"2026-04-11T00:00:56","duration":3,"capacity":100,"location":"Oradea"}]}
2026-04-27 13:00:51,523 [13] DEBUG ChatNetworking.JsonProtocol.ChatServicesJsonProxy - RAW RESPONSE RECEIVED: {"type":"TicketSalesList","errorMessage":null,"data":[{"id":13,"spectacleId":2,"buyerId":1,"buyerName":"ss","seats":5,"soldAt":"2026-04-25T21:01:45","spectacleName":"Untold Festival 2024"},{"id":14,"spectacleId":2,"buyerId":2,"buyerName":"rosario","seats":20,"soldAt":"2026-04-25T21:10:38","spectacleName":"Untold Festival 2024"},{"id":15,"spectacleId":3,"buyerId":2,"buyerName":"rosario","seats":5,"soldAt":"2026-04-25T21:12:44","spectacleName":"Electric Castle"},{"id":16,"spectacleId":3,"buyerId":3,"buyerName":"haha","seats":5,"soldAt":"2026-04-25T21:13:24","spectacleName":"Electric Castle"},{"id":17,"spectacleId":13,"buyerId":4,"buyerName":"raz","seats":5,"soldAt":"2026-04-25T21:21:53","spectacleName":"OradeaSound"},{"id":18,"spectacleId":5,"buyerId":5,"buyerName":"ee","seats":1,"soldAt":"2026-04-25T21:22:57","spectacleName":"Summer Well"},{"id":19,"spectacleId":2,"buyerId":6,"buyerName":"www","seats":5,"soldAt":"2026-04-25T22:20:01","spectacleName":"Untold Festival 2024"},{"id":20,"spectacleId":13,"buyerId":7,"buyerName":"hhhh","seats":6,"soldAt":"2026-04-25T22:21:10","spectacleName":"OradeaSound"},{"id":21,"spectacleId":13,"buyerId":8,"buyerName":"rrr","seats":89,"soldAt":"2026-04-25T22:21:23","spectacleName":"OradeaSound"},{"id":22,"spectacleId":7,"buyerId":9,"buyerName":"ddd","seats":5,"soldAt":"2026-04-25T23:53:43","spectacleName":"Massif Poiana Brasov"},{"id":23,"spectacleId":7,"buyerId":10,"buyerName":"aaa","seats":8,"soldAt":"2026-04-25T23:54:37","spectacleName":"Massif Poiana Brasov"},{"id":24,"spectacleId":2,"buyerId":11,"buyerName":"xx","seats":5,"soldAt":"2026-04-26T17:42:30","spectacleName":"Untold Festival 2024"},{"id":25,"spectacleId":2,"buyerId":12,"buyerName":"dd","seats":5,"soldAt":"2026-04-27T12:26:21","spectacleName":"Untold Festival 2024"},{"id":26,"spectacleId":7,"buyerId":13,"buyerName":"lll","seats":10,"soldAt":"2026-04-27T13:00:19","spectacleName":"Massif Poiana Brasov"}]}
2026-04-27 13:01:32,014 [13] DEBUG ChatNetworking.JsonProtocol.ChatServicesJsonProxy - RAW RESPONSE RECEIVED: {"type":"Success","errorMessage":null,"data":null}
2026-04-27 13:01:32,014 [13] DEBUG ChatNetworking.JsonProtocol.ChatServicesJsonProxy - RAW RESPONSE RECEIVED: {"type":"DomainDataChanged","errorMessage":"TICKET_SALES","data":null}
2026-04-27 13:01:32,014 [13] DEBUG ChatClient.MainWindow - Domain update notification: ALL
2026-04-27 13:01:32,014 [13] DEBUG ChatNetworking.JsonProtocol.ChatServicesJsonProxy - RAW RESPONSE RECEIVED: {"type":"DomainDataChanged","errorMessage":"SPECTACLES","data":null}
2026-04-27 13:01:32,014 [13] DEBUG ChatClient.MainWindow - Domain update notification: ALL
2026-04-27 13:01:32,018 [13] DEBUG ChatNetworking.JsonProtocol.ChatServicesJsonProxy - RAW RESPONSE RECEIVED: {"type":"SpectaclesList","errorMessage":null,"data":[{"id":2,"name":"Untold Festival 2024","startDate":"2024-08-08T18:00:00","duration":84,"capacity":100000,"location":"Cluj Arena"},{"id":3,"name":"Electric Castle","startDate":"2024-07-17T14:00:00","duration":100,"capacity":49990,"location":"Castelul Banffy"},{"id":4,"name":"Concert Coldplay","startDate":"2024-06-12T20:00:00","duration":3,"capacity":49981,"location":"Arena Nationala"},{"id":5,"name":"Summer Well","startDate":"2024-08-09T16:00:00","duration":50,"capacity":20000,"location":"Domeniul Stirbey"},{"id":6,"name":"Beach, Please!","startDate":"2024-07-10T12:00:00","duration":96,"capacity":79988,"location":"Costinesti"},{"id":7,"name":"Massif Poiana Brasov","startDate":"2024-03-14T17:00:00","duration":72,"capacity":15000,"location":"Poiana Brasov"},{"id":13,"name":"OradeaSound","startDate":"2026-04-11T00:00:56","duration":3,"capacity":100,"location":"Oradea"}]}
2026-04-27 13:01:32,020 [13] DEBUG ChatNetworking.JsonProtocol.ChatServicesJsonProxy - RAW RESPONSE RECEIVED: {"type":"TicketSalesList","errorMessage":null,"data":[{"id":13,"spectacleId":2,"buyerId":1,"buyerName":"ss","seats":10,"soldAt":"2026-04-25T21:01:45","spectacleName":"Untold Festival 2024"},{"id":14,"spectacleId":2,"buyerId":2,"buyerName":"rosario","seats":20,"soldAt":"2026-04-25T21:10:38","spectacleName":"Untold Festival 2024"},{"id":15,"spectacleId":3,"buyerId":2,"buyerName":"rosario","seats":5,"soldAt":"2026-04-25T21:12:44","spectacleName":"Electric Castle"},{"id":16,"spectacleId":3,"buyerId":3,"buyerName":"haha","seats":5,"soldAt":"2026-04-25T21:13:24","spectacleName":"Electric Castle"},{"id":17,"spectacleId":13,"buyerId":4,"buyerName":"raz","seats":5,"soldAt":"2026-04-25T21:21:53","spectacleName":"OradeaSound"},{"id":18,"spectacleId":5,"buyerId":5,"buyerName":"ee","seats":1,"soldAt":"2026-04-25T21:22:57","spectacleName":"Summer Well"},{"id":19,"spectacleId":2,"buyerId":6,"buyerName":"www","seats":5,"soldAt":"2026-04-25T22:20:01","spectacleName":"Untold Festival 2024"},{"id":20,"spectacleId":13,"buyerId":7,"buyerName":"hhhh","seats":6,"soldAt":"2026-04-25T22:21:10","spectacleName":"OradeaSound"},{"id":21,"spectacleId":13,"buyerId":8,"buyerName":"rrr","seats":89,"soldAt":"2026-04-25T22:21:23","spectacleName":"OradeaSound"},{"id":22,"spectacleId":7,"buyerId":9,"buyerName":"ddd","seats":5,"soldAt":"2026-04-25T23:53:43","spectacleName":"Massif Poiana Brasov"},{"id":23,"spectacleId":7,"buyerId":10,"buyerName":"aaa","seats":8,"soldAt":"2026-04-25T23:54:37","spectacleName":"Massif Poiana Brasov"},{"id":24,"spectacleId":2,"buyerId":11,"buyerName":"xx","seats":5,"soldAt":"2026-04-26T17:42:30","spectacleName":"Untold Festival 2024"},{"id":25,"spectacleId":2,"buyerId":12,"buyerName":"dd","seats":5,"soldAt":"2026-04-27T12:26:21","spectacleName":"Untold Festival 2024"},{"id":26,"spectacleId":7,"buyerId":13,"buyerName":"lll","seats":10,"soldAt":"2026-04-27T13:00:19","spectacleName":"Massif Poiana Brasov"}]}
2026-04-27 13:01:32,029 [13] DEBUG ChatNetworking.JsonProtocol.ChatServicesJsonProxy - RAW RESPONSE RECEIVED: {"type":"SpectaclesList","errorMessage":null,"data":[{"id":2,"name":"Untold Festival 2024","startDate":"2024-08-08T18:00:00","duration":84,"capacity":100000,"location":"Cluj Arena"},{"id":3,"name":"Electric Castle","startDate":"2024-07-17T14:00:00","duration":100,"capacity":49990,"location":"Castelul Banffy"},{"id":4,"name":"Concert Coldplay","startDate":"2024-06-12T20:00:00","duration":3,"capacity":49981,"location":"Arena Nationala"},{"id":5,"name":"Summer Well","startDate":"2024-08-09T16:00:00","duration":50,"capacity":20000,"location":"Domeniul Stirbey"},{"id":6,"name":"Beach, Please!","startDate":"2024-07-10T12:00:00","duration":96,"capacity":79988,"location":"Costinesti"},{"id":7,"name":"Massif Poiana Brasov","startDate":"2024-03-14T17:00:00","duration":72,"capacity":15000,"location":"Poiana Brasov"},{"id":13,"name":"OradeaSound","startDate":"2026-04-11T00:00:56","duration":3,"capacity":100,"location":"Oradea"}]}
2026-04-27 13:01:32,031 [13] DEBUG ChatNetworking.JsonProtocol.ChatServicesJsonProxy - RAW RESPONSE RECEIVED: {"type":"TicketSalesList","errorMessage":null,"data":[{"id":13,"spectacleId":2,"buyerId":1,"buyerName":"ss","seats":10,"soldAt":"2026-04-25T21:01:45","spectacleName":"Untold Festival 2024"},{"id":14,"spectacleId":2,"buyerId":2,"buyerName":"rosario","seats":20,"soldAt":"2026-04-25T21:10:38","spectacleName":"Untold Festival 2024"},{"id":15,"spectacleId":3,"buyerId":2,"buyerName":"rosario","seats":5,"soldAt":"2026-04-25T21:12:44","spectacleName":"Electric Castle"},{"id":16,"spectacleId":3,"buyerId":3,"buyerName":"haha","seats":5,"soldAt":"2026-04-25T21:13:24","spectacleName":"Electric Castle"},{"id":17,"spectacleId":13,"buyerId":4,"buyerName":"raz","seats":5,"soldAt":"2026-04-25T21:21:53","spectacleName":"OradeaSound"},{"id":18,"spectacleId":5,"buyerId":5,"buyerName":"ee","seats":1,"soldAt":"2026-04-25T21:22:57","spectacleName":"Summer Well"},{"id":19,"spectacleId":2,"buyerId":6,"buyerName":"www","seats":5,"soldAt":"2026-04-25T22:20:01","spectacleName":"Untold Festival 2024"},{"id":20,"spectacleId":13,"buyerId":7,"buyerName":"hhhh","seats":6,"soldAt":"2026-04-25T22:21:10","spectacleName":"OradeaSound"},{"id":21,"spectacleId":13,"buyerId":8,"buyerName":"rrr","seats":89,"soldAt":"2026-04-25T22:21:23","spectacleName":"OradeaSound"},{"id":22,"spectacleId":7,"buyerId":9,"buyerName":"ddd","seats":5,"soldAt":"2026-04-25T23:53:43","spectacleName":"Massif Poiana Brasov"},{"id":23,"spectacleId":7,"buyerId":10,"buyerName":"aaa","seats":8,"soldAt":"2026-04-25T23:54:37","spectacleName":"Massif Poiana Brasov"},{"id":24,"spectacleId":2,"buyerId":11,"buyerName":"xx","seats":5,"soldAt":"2026-04-26T17:42:30","spectacleName":"Untold Festival 2024"},{"id":25,"spectacleId":2,"buyerId":12,"buyerName":"dd","seats":5,"soldAt":"2026-04-27T12:26:21","spectacleName":"Untold Festival 2024"},{"id":26,"spectacleId":7,"buyerId":13,"buyerName":"lll","seats":10,"soldAt":"2026-04-27T13:00:19","spectacleName":"Massif Poiana Brasov"}]}
2026-04-27 13:01:32,033 [13] DEBUG ChatNetworking.JsonProtocol.ChatServicesJsonProxy - RAW RESPONSE RECEIVED: {"type":"SpectaclesList","errorMessage":null,"data":[{"id":2,"name":"Untold Festival 2024","startDate":"2024-08-08T18:00:00","duration":84,"capacity":100000,"location":"Cluj Arena"},{"id":3,"name":"Electric Castle","startDate":"2024-07-17T14:00:00","duration":100,"capacity":49990,"location":"Castelul Banffy"},{"id":4,"name":"Concert Coldplay","startDate":"2024-06-12T20:00:00","duration":3,"capacity":49981,"location":"Arena Nationala"},{"id":5,"name":"Summer Well","startDate":"2024-08-09T16:00:00","duration":50,"capacity":20000,"location":"Domeniul Stirbey"},{"id":6,"name":"Beach, Please!","startDate":"2024-07-10T12:00:00","duration":96,"capacity":79988,"location":"Costinesti"},{"id":7,"name":"Massif Poiana Brasov","startDate":"2024-03-14T17:00:00","duration":72,"capacity":15000,"location":"Poiana Brasov"},{"id":13,"name":"OradeaSound","startDate":"2026-04-11T00:00:56","duration":3,"capacity":100,"location":"Oradea"}]}
2026-04-27 13:01:32,036 [13] DEBUG ChatNetworking.JsonProtocol.ChatServicesJsonProxy - RAW RESPONSE RECEIVED: {"type":"TicketSalesList","errorMessage":null,"data":[{"id":13,"spectacleId":2,"buyerId":1,"buyerName":"ss","seats":10,"soldAt":"2026-04-25T21:01:45","spectacleName":"Untold Festival 2024"},{"id":14,"spectacleId":2,"buyerId":2,"buyerName":"rosario","seats":20,"soldAt":"2026-04-25T21:10:38","spectacleName":"Untold Festival 2024"},{"id":15,"spectacleId":3,"buyerId":2,"buyerName":"rosario","seats":5,"soldAt":"2026-04-25T21:12:44","spectacleName":"Electric Castle"},{"id":16,"spectacleId":3,"buyerId":3,"buyerName":"haha","seats":5,"soldAt":"2026-04-25T21:13:24","spectacleName":"Electric Castle"},{"id":17,"spectacleId":13,"buyerId":4,"buyerName":"raz","seats":5,"soldAt":"2026-04-25T21:21:53","spectacleName":"OradeaSound"},{"id":18,"spectacleId":5,"buyerId":5,"buyerName":"ee","seats":1,"soldAt":"2026-04-25T21:22:57","spectacleName":"Summer Well"},{"id":19,"spectacleId":2,"buyerId":6,"buyerName":"www","seats":5,"soldAt":"2026-04-25T22:20:01","spectacleName":"Untold Festival 2024"},{"id":20,"spectacleId":13,"buyerId":7,"buyerName":"hhhh","seats":6,"soldAt":"2026-04-25T22:21:10","spectacleName":"OradeaSound"},{"id":21,"spectacleId":13,"buyerId":8,"buyerName":"rrr","seats":89,"soldAt":"2026-04-25T22:21:23","spectacleName":"OradeaSound"},{"id":22,"spectacleId":7,"buyerId":9,"buyerName":"ddd","seats":5,"soldAt":"2026-04-25T23:53:43","spectacleName":"Massif Poiana Brasov"},{"id":23,"spectacleId":7,"buyerId":10,"buyerName":"aaa","seats":8,"soldAt":"2026-04-25T23:54:37","spectacleName":"Massif Poiana Brasov"},{"id":24,"spectacleId":2,"buyerId":11,"buyerName":"xx","seats":5,"soldAt":"2026-04-26T17:42:30","spectacleName":"Untold Festival 2024"},{"id":25,"spectacleId":2,"buyerId":12,"buyerName":"dd","seats":5,"soldAt":"2026-04-27T12:26:21","spectacleName":"Untold Festival 2024"},{"id":26,"spectacleId":7,"buyerId":13,"buyerName":"lll","seats":10,"soldAt":"2026-04-27T13:00:19","spectacleName":"Massif Poiana Brasov"}]}
2026-04-27 13:01:32,037 [13] DEBUG ChatNetworking.JsonProtocol.ChatServicesJsonProxy - RAW RESPONSE RECEIVED: {"type":"SpectaclesList","errorMessage":null,"data":[{"id":2,"name":"Untold Festival 2024","startDate":"2024-08-08T18:00:00","duration":84,"capacity":100000,"location":"Cluj Arena"},{"id":3,"name":"Electric Castle","startDate":"2024-07-17T14:00:00","duration":100,"capacity":49990,"location":"Castelul Banffy"},{"id":4,"name":"Concert Coldplay","startDate":"2024-06-12T20:00:00","duration":3,"capacity":49981,"location":"Arena Nationala"},{"id":5,"name":"Summer Well","startDate":"2024-08-09T16:00:00","duration":50,"capacity":20000,"location":"Domeniul Stirbey"},{"id":6,"name":"Beach, Please!","startDate":"2024-07-10T12:00:00","duration":96,"capacity":79988,"location":"Costinesti"},{"id":7,"name":"Massif Poiana Brasov","startDate":"2024-03-14T17:00:00","duration":72,"capacity":15000,"location":"Poiana Brasov"},{"id":13,"name":"OradeaSound","startDate":"2026-04-11T00:00:56","duration":3,"capacity":100,"location":"Oradea"}]}
2026-04-27 13:01:32,040 [13] DEBUG ChatNetworking.JsonProtocol.ChatServicesJsonProxy - RAW RESPONSE RECEIVED: {"type":"TicketSalesList","errorMessage":null,"data":[{"id":13,"spectacleId":2,"buyerId":1,"buyerName":"ss","seats":10,"soldAt":"2026-04-25T21:01:45","spectacleName":"Untold Festival 2024"},{"id":14,"spectacleId":2,"buyerId":2,"buyerName":"rosario","seats":20,"soldAt":"2026-04-25T21:10:38","spectacleName":"Untold Festival 2024"},{"id":15,"spectacleId":3,"buyerId":2,"buyerName":"rosario","seats":5,"soldAt":"2026-04-25T21:12:44","spectacleName":"Electric Castle"},{"id":16,"spectacleId":3,"buyerId":3,"buyerName":"haha","seats":5,"soldAt":"2026-04-25T21:13:24","spectacleName":"Electric Castle"},{"id":17,"spectacleId":13,"buyerId":4,"buyerName":"raz","seats":5,"soldAt":"2026-04-25T21:21:53","spectacleName":"OradeaSound"},{"id":18,"spectacleId":5,"buyerId":5,"buyerName":"ee","seats":1,"soldAt":"2026-04-25T21:22:57","spectacleName":"Summer Well"},{"id":19,"spectacleId":2,"buyerId":6,"buyerName":"www","seats":5,"soldAt":"2026-04-25T22:20:01","spectacleName":"Untold Festival 2024"},{"id":20,"spectacleId":13,"buyerId":7,"buyerName":"hhhh","seats":6,"soldAt":"2026-04-25T22:21:10","spectacleName":"OradeaSound"},{"id":21,"spectacleId":13,"buyerId":8,"buyerName":"rrr","seats":89,"soldAt":"2026-04-25T22:21:23","spectacleName":"OradeaSound"},{"id":22,"spectacleId":7,"buyerId":9,"buyerName":"ddd","seats":5,"soldAt":"2026-04-25T23:53:43","spectacleName":"Massif Poiana Brasov"},{"id":23,"spectacleId":7,"buyerId":10,"buyerName":"aaa","seats":8,"soldAt":"2026-04-25T23:54:37","spectacleName":"Massif Poiana Brasov"},{"id":24,"spectacleId":2,"buyerId":11,"buyerName":"xx","seats":5,"soldAt":"2026-04-26T17:42:30","spectacleName":"Untold Festival 2024"},{"id":25,"spectacleId":2,"buyerId":12,"buyerName":"dd","seats":5,"soldAt":"2026-04-27T12:26:21","spectacleName":"Untold Festival 2024"},{"id":26,"spectacleId":7,"buyerId":13,"buyerName":"lll","seats":10,"soldAt":"2026-04-27T13:00:19","spectacleName":"Massif Poiana Brasov"}]}
2026-04-27 13:01:32,042 [13] DEBUG ChatNetworking.JsonProtocol.ChatServicesJsonProxy - RAW RESPONSE RECEIVED: {"type":"SpectaclesList","errorMessage":null,"data":[{"id":2,"name":"Untold Festival 2024","startDate":"2024-08-08T18:00:00","duration":84,"capacity":100000,"location":"Cluj Arena"},{"id":3,"name":"Electric Castle","startDate":"2024-07-17T14:00:00","duration":100,"capacity":49990,"location":"Castelul Banffy"},{"id":4,"name":"Concert Coldplay","startDate":"2024-06-12T20:00:00","duration":3,"capacity":49981,"location":"Arena Nationala"},{"id":5,"name":"Summer Well","startDate":"2024-08-09T16:00:00","duration":50,"capacity":20000,"location":"Domeniul Stirbey"},{"id":6,"name":"Beach, Please!","startDate":"2024-07-10T12:00:00","duration":96,"capacity":79988,"location":"Costinesti"},{"id":7,"name":"Massif Poiana Brasov","startDate":"2024-03-14T17:00:00","duration":72,"capacity":15000,"location":"Poiana Brasov"},{"id":13,"name":"OradeaSound","startDate":"2026-04-11T00:00:56","duration":3,"capacity":100,"location":"Oradea"}]}
2026-04-27 13:01:32,044 [13] DEBUG ChatNetworking.JsonProtocol.ChatServicesJsonProxy - RAW RESPONSE RECEIVED: {"type":"TicketSalesList","errorMessage":null,"data":[{"id":13,"spectacleId":2,"buyerId":1,"buyerName":"ss","seats":10,"soldAt":"2026-04-25T21:01:45","spectacleName":"Untold Festival 2024"},{"id":14,"spectacleId":2,"buyerId":2,"buyerName":"rosario","seats":20,"soldAt":"2026-04-25T21:10:38","spectacleName":"Untold Festival 2024"},{"id":15,"spectacleId":3,"buyerId":2,"buyerName":"rosario","seats":5,"soldAt":"2026-04-25T21:12:44","spectacleName":"Electric Castle"},{"id":16,"spectacleId":3,"buyerId":3,"buyerName":"haha","seats":5,"soldAt":"2026-04-25T21:13:24","spectacleName":"Electric Castle"},{"id":17,"spectacleId":13,"buyerId":4,"buyerName":"raz","seats":5,"soldAt":"2026-04-25T21:21:53","spectacleName":"OradeaSound"},{"id":18,"spectacleId":5,"buyerId":5,"buyerName":"ee","seats":1,"soldAt":"2026-04-25T21:22:57","spectacleName":"Summer Well"},{"id":19,"spectacleId":2,"buyerId":6,"buyerName":"www","seats":5,"soldAt":"2026-04-25T22:20:01","spectacleName":"Untold Festival 2024"},{"id":20,"spectacleId":13,"buyerId":7,"buyerName":"hhhh","seats":6,"soldAt":"2026-04-25T22:21:10","spectacleName":"OradeaSound"},{"id":21,"spectacleId":13,"buyerId":8,"buyerName":"rrr","seats":89,"soldAt":"2026-04-25T22:21:23","spectacleName":"OradeaSound"},{"id":22,"spectacleId":7,"buyerId":9,"buyerName":"ddd","seats":5,"soldAt":"2026-04-25T23:53:43","spectacleName":"Massif Poiana Brasov"},{"id":23,"spectacleId":7,"buyerId":10,"buyerName":"aaa","seats":8,"soldAt":"2026-04-25T23:54:37","spectacleName":"Massif Poiana Brasov"},{"id":24,"spectacleId":2,"buyerId":11,"buyerName":"xx","seats":5,"soldAt":"2026-04-26T17:42:30","spectacleName":"Untold Festival 2024"},{"id":25,"spectacleId":2,"buyerId":12,"buyerName":"dd","seats":5,"soldAt":"2026-04-27T12:26:21","spectacleName":"Untold Festival 2024"},{"id":26,"spectacleId":7,"buyerId":13,"buyerName":"lll","seats":10,"soldAt":"2026-04-27T13:00:19","spectacleName":"Massif Poiana Brasov"}]}
2026-04-27 13:01:32,046 [13] DEBUG ChatNetworking.JsonProtocol.ChatServicesJsonProxy - RAW RESPONSE RECEIVED: {"type":"SpectaclesList","errorMessage":null,"data":[{"id":2,"name":"Untold Festival 2024","startDate":"2024-08-08T18:00:00","duration":84,"capacity":100000,"location":"Cluj Arena"},{"id":3,"name":"Electric Castle","startDate":"2024-07-17T14:00:00","duration":100,"capacity":49990,"location":"Castelul Banffy"},{"id":4,"name":"Concert Coldplay","startDate":"2024-06-12T20:00:00","duration":3,"capacity":49981,"location":"Arena Nationala"},{"id":5,"name":"Summer Well","startDate":"2024-08-09T16:00:00","duration":50,"capacity":20000,"location":"Domeniul Stirbey"},{"id":6,"name":"Beach, Please!","startDate":"2024-07-10T12:00:00","duration":96,"capacity":79988,"location":"Costinesti"},{"id":7,"name":"Massif Poiana Brasov","startDate":"2024-03-14T17:00:00","duration":72,"capacity":15000,"location":"Poiana Brasov"},{"id":13,"name":"OradeaSound","startDate":"2026-04-11T00:00:56","duration":3,"capacity":100,"location":"Oradea"}]}
2026-04-27 13:01:32,048 [13] DEBUG ChatNetworking.JsonProtocol.ChatServicesJsonProxy - RAW RESPONSE RECEIVED: {"type":"TicketSalesList","errorMessage":null,"data":[{"id":13,"spectacleId":2,"buyerId":1,"buyerName":"ss","seats":10,"soldAt":"2026-04-25T21:01:45","spectacleName":"Untold Festival 2024"},{"id":14,"spectacleId":2,"buyerId":2,"buyerName":"rosario","seats":20,"soldAt":"2026-04-25T21:10:38","spectacleName":"Untold Festival 2024"},{"id":15,"spectacleId":3,"buyerId":2,"buyerName":"rosario","seats":5,"soldAt":"2026-04-25T21:12:44","spectacleName":"Electric Castle"},{"id":16,"spectacleId":3,"buyerId":3,"buyerName":"haha","seats":5,"soldAt":"2026-04-25T21:13:24","spectacleName":"Electric Castle"},{"id":17,"spectacleId":13,"buyerId":4,"buyerName":"raz","seats":5,"soldAt":"2026-04-25T21:21:53","spectacleName":"OradeaSound"},{"id":18,"spectacleId":5,"buyerId":5,"buyerName":"ee","seats":1,"soldAt":"2026-04-25T21:22:57","spectacleName":"Summer Well"},{"id":19,"spectacleId":2,"buyerId":6,"buyerName":"www","seats":5,"soldAt":"2026-04-25T22:20:01","spectacleName":"Untold Festival 2024"},{"id":20,"spectacleId":13,"buyerId":7,"buyerName":"hhhh","seats":6,"soldAt":"2026-04-25T22:21:10","spectacleName":"OradeaSound"},{"id":21,"spectacleId":13,"buyerId":8,"buyerName":"rrr","seats":89,"soldAt":"2026-04-25T22:21:23","spectacleName":"OradeaSound"},{"id":22,"spectacleId":7,"buyerId":9,"buyerName":"ddd","seats":5,"soldAt":"2026-04-25T23:53:43","spectacleName":"Massif Poiana Brasov"},{"id":23,"spectacleId":7,"buyerId":10,"buyerName":"aaa","seats":8,"soldAt":"2026-04-25T23:54:37","spectacleName":"Massif Poiana Brasov"},{"id":24,"spectacleId":2,"buyerId":11,"buyerName":"xx","seats":5,"soldAt":"2026-04-26T17:42:30","spectacleName":"Untold Festival 2024"},{"id":25,"spectacleId":2,"buyerId":12,"buyerName":"dd","seats":5,"soldAt":"2026-04-27T12:26:21","spectacleName":"Untold Festival 2024"},{"id":26,"spectacleId":7,"buyerId":13,"buyerName":"lll","seats":10,"soldAt":"2026-04-27T13:00:19","spectacleName":"Massif Poiana Brasov"}]}
2026-04-27 13:01:32,053 [13] DEBUG ChatNetworking.JsonProtocol.ChatServicesJsonProxy - RAW RESPONSE RECEIVED: {"type":"SpectaclesList","errorMessage":null,"data":[{"id":2,"name":"Untold Festival 2024","startDate":"2024-08-08T18:00:00","duration":84,"capacity":100000,"location":"Cluj Arena"},{"id":3,"name":"Electric Castle","startDate":"2024-07-17T14:00:00","duration":100,"capacity":49990,"location":"Castelul Banffy"},{"id":4,"name":"Concert Coldplay","startDate":"2024-06-12T20:00:00","duration":3,"capacity":49981,"location":"Arena Nationala"},{"id":5,"name":"Summer Well","startDate":"2024-08-09T16:00:00","duration":50,"capacity":20000,"location":"Domeniul Stirbey"},{"id":6,"name":"Beach, Please!","startDate":"2024-07-10T12:00:00","duration":96,"capacity":79988,"location":"Costinesti"},{"id":7,"name":"Massif Poiana Brasov","startDate":"2024-03-14T17:00:00","duration":72,"capacity":15000,"location":"Poiana Brasov"},{"id":13,"name":"OradeaSound","startDate":"2026-04-11T00:00:56","duration":3,"capacity":100,"location":"Oradea"}]}
2026-04-27 13:01:32,054 [13] DEBUG ChatNetworking.JsonProtocol.ChatServicesJsonProxy - RAW RESPONSE RECEIVED: {"type":"IntegerValue","errorMessage":null,"data":45}
2026-04-27 13:01:32,055 [13] DEBUG ChatNetworking.JsonProtocol.ChatServicesJsonProxy - RAW RESPONSE RECEIVED: {"type":"IntegerValue","errorMessage":null,"data":10}
2026-04-27 13:01:32,056 [13] DEBUG ChatNetworking.JsonProtocol.ChatServicesJsonProxy - RAW RESPONSE RECEIVED: {"type":"IntegerValue","errorMessage":null,"data":0}
2026-04-27 13:01:32,057 [13] DEBUG ChatNetworking.JsonProtocol.ChatServicesJsonProxy - RAW RESPONSE RECEIVED: {"type":"IntegerValue","errorMessage":null,"data":1}
2026-04-27 13:01:32,058 [13] DEBUG ChatNetworking.JsonProtocol.ChatServicesJsonProxy - RAW RESPONSE RECEIVED: {"type":"IntegerValue","errorMessage":null,"data":0}
2026-04-27 13:01:32,059 [13] DEBUG ChatNetworking.JsonProtocol.ChatServicesJsonProxy - RAW RESPONSE RECEIVED: {"type":"IntegerValue","errorMessage":null,"data":23}
2026-04-27 13:01:32,059 [13] DEBUG ChatNetworking.JsonProtocol.ChatServicesJsonProxy - RAW RESPONSE RECEIVED: {"type":"IntegerValue","errorMessage":null,"data":100}
2026-04-27 13:01:32,061 [13] DEBUG ChatNetworking.JsonProtocol.ChatServicesJsonProxy - RAW RESPONSE RECEIVED: {"type":"SpectaclesList","errorMessage":null,"data":[{"id":2,"name":"Untold Festival 2024","startDate":"2024-08-08T18:00:00","duration":84,"capacity":100000,"location":"Cluj Arena"},{"id":3,"name":"Electric Castle","startDate":"2024-07-17T14:00:00","duration":100,"capacity":49990,"location":"Castelul Banffy"},{"id":4,"name":"Concert Coldplay","startDate":"2024-06-12T20:00:00","duration":3,"capacity":49981,"location":"Arena Nationala"},{"id":5,"name":"Summer Well","startDate":"2024-08-09T16:00:00","duration":50,"capacity":20000,"location":"Domeniul Stirbey"},{"id":6,"name":"Beach, Please!","startDate":"2024-07-10T12:00:00","duration":96,"capacity":79988,"location":"Costinesti"},{"id":7,"name":"Massif Poiana Brasov","startDate":"2024-03-14T17:00:00","duration":72,"capacity":15000,"location":"Poiana Brasov"},{"id":13,"name":"OradeaSound","startDate":"2026-04-11T00:00:56","duration":3,"capacity":100,"location":"Oradea"}]}
2026-04-27 13:01:32,062 [13] DEBUG ChatNetworking.JsonProtocol.ChatServicesJsonProxy - RAW RESPONSE RECEIVED: {"type":"IntegerValue","errorMessage":null,"data":45}
2026-04-27 13:01:32,063 [13] DEBUG ChatNetworking.JsonProtocol.ChatServicesJsonProxy - RAW RESPONSE RECEIVED: {"type":"IntegerValue","errorMessage":null,"data":10}
2026-04-27 13:01:32,064 [13] DEBUG ChatNetworking.JsonProtocol.ChatServicesJsonProxy - RAW RESPONSE RECEIVED: {"type":"IntegerValue","errorMessage":null,"data":0}
2026-04-27 13:01:32,065 [13] DEBUG ChatNetworking.JsonProtocol.ChatServicesJsonProxy - RAW RESPONSE RECEIVED: {"type":"IntegerValue","errorMessage":null,"data":1}
2026-04-27 13:01:32,067 [13] DEBUG ChatNetworking.JsonProtocol.ChatServicesJsonProxy - RAW RESPONSE RECEIVED: {"type":"IntegerValue","errorMessage":null,"data":0}
2026-04-27 13:01:32,068 [13] DEBUG ChatNetworking.JsonProtocol.ChatServicesJsonProxy - RAW RESPONSE RECEIVED: {"type":"IntegerValue","errorMessage":null,"data":23}
2026-04-27 13:01:32,069 [13] DEBUG ChatNetworking.JsonProtocol.ChatServicesJsonProxy - RAW RESPONSE RECEIVED: {"type":"IntegerValue","errorMessage":null,"data":100}
2026-04-27 13:01:32,070 [13] DEBUG ChatNetworking.JsonProtocol.ChatServicesJsonProxy - RAW RESPONSE RECEIVED: {"type":"SpectaclesList","errorMessage":null,"data":[{"id":2,"name":"Untold Festival 2024","startDate":"2024-08-08T18:00:00","duration":84,"capacity":100000,"location":"Cluj Arena"},{"id":3,"name":"Electric Castle","startDate":"2024-07-17T14:00:00","duration":100,"capacity":49990,"location":"Castelul Banffy"},{"id":4,"name":"Concert Coldplay","startDate":"2024-06-12T20:00:00","duration":3,"capacity":49981,"location":"Arena Nationala"},{"id":5,"name":"Summer Well","startDate":"2024-08-09T16:00:00","duration":50,"capacity":20000,"location":"Domeniul Stirbey"},{"id":6,"name":"Beach, Please!","startDate":"2024-07-10T12:00:00","duration":96,"capacity":79988,"location":"Costinesti"},{"id":7,"name":"Massif Poiana Brasov","startDate":"2024-03-14T17:00:00","duration":72,"capacity":15000,"location":"Poiana Brasov"},{"id":13,"name":"OradeaSound","startDate":"2026-04-11T00:00:56","duration":3,"capacity":100,"location":"Oradea"}]}
2026-04-27 13:01:32,071 [13] DEBUG ChatNetworking.JsonProtocol.ChatServicesJsonProxy - RAW RESPONSE RECEIVED: {"type":"IntegerValue","errorMessage":null,"data":45}
2026-04-27 13:01:32,072 [13] DEBUG ChatNetworking.JsonProtocol.ChatServicesJsonProxy - RAW RESPONSE RECEIVED: {"type":"IntegerValue","errorMessage":null,"data":10}
2026-04-27 13:01:32,073 [13] DEBUG ChatNetworking.JsonProtocol.ChatServicesJsonProxy - RAW RESPONSE RECEIVED: {"type":"IntegerValue","errorMessage":null,"data":0}
2026-04-27 13:01:32,074 [13] DEBUG ChatNetworking.JsonProtocol.ChatServicesJsonProxy - RAW RESPONSE RECEIVED: {"type":"IntegerValue","errorMessage":null,"data":1}
2026-04-27 13:01:32,075 [13] DEBUG ChatNetworking.JsonProtocol.ChatServicesJsonProxy - RAW RESPONSE RECEIVED: {"type":"IntegerValue","errorMessage":null,"data":0}
2026-04-27 13:01:32,076 [13] DEBUG ChatNetworking.JsonProtocol.ChatServicesJsonProxy - RAW RESPONSE RECEIVED: {"type":"IntegerValue","errorMessage":null,"data":23}
2026-04-27 13:01:32,077 [13] DEBUG ChatNetworking.JsonProtocol.ChatServicesJsonProxy - RAW RESPONSE RECEIVED: {"type":"IntegerValue","errorMessage":null,"data":100}
2026-04-27 13:01:32,078 [13] DEBUG ChatNetworking.JsonProtocol.ChatServicesJsonProxy - RAW RESPONSE RECEIVED: {"type":"SpectaclesList","errorMessage":null,"data":[{"id":2,"name":"Untold Festival 2024","startDate":"2024-08-08T18:00:00","duration":84,"capacity":100000,"location":"Cluj Arena"},{"id":3,"name":"Electric Castle","startDate":"2024-07-17T14:00:00","duration":100,"capacity":49990,"location":"Castelul Banffy"},{"id":4,"name":"Concert Coldplay","startDate":"2024-06-12T20:00:00","duration":3,"capacity":49981,"location":"Arena Nationala"},{"id":5,"name":"Summer Well","startDate":"2024-08-09T16:00:00","duration":50,"capacity":20000,"location":"Domeniul Stirbey"},{"id":6,"name":"Beach, Please!","startDate":"2024-07-10T12:00:00","duration":96,"capacity":79988,"location":"Costinesti"},{"id":7,"name":"Massif Poiana Brasov","startDate":"2024-03-14T17:00:00","duration":72,"capacity":15000,"location":"Poiana Brasov"},{"id":13,"name":"OradeaSound","startDate":"2026-04-11T00:00:56","duration":3,"capacity":100,"location":"Oradea"}]}
2026-04-27 13:01:32,080 [13] DEBUG ChatNetworking.JsonProtocol.ChatServicesJsonProxy - RAW RESPONSE RECEIVED: {"type":"IntegerValue","errorMessage":null,"data":45}
2026-04-27 13:01:32,080 [13] DEBUG ChatNetworking.JsonProtocol.ChatServicesJsonProxy - RAW RESPONSE RECEIVED: {"type":"IntegerValue","errorMessage":null,"data":10}
2026-04-27 13:01:32,081 [13] DEBUG ChatNetworking.JsonProtocol.ChatServicesJsonProxy - RAW RESPONSE RECEIVED: {"type":"IntegerValue","errorMessage":null,"data":0}
2026-04-27 13:01:32,082 [13] DEBUG ChatNetworking.JsonProtocol.ChatServicesJsonProxy - RAW RESPONSE RECEIVED: {"type":"IntegerValue","errorMessage":null,"data":1}
2026-04-27 13:01:32,083 [13] DEBUG ChatNetworking.JsonProtocol.ChatServicesJsonProxy - RAW RESPONSE RECEIVED: {"type":"IntegerValue","errorMessage":null,"data":0}
2026-04-27 13:01:32,084 [13] DEBUG ChatNetworking.JsonProtocol.ChatServicesJsonProxy - RAW RESPONSE RECEIVED: {"type":"IntegerValue","errorMessage":null,"data":23}
2026-04-27 13:01:32,085 [13] DEBUG ChatNetworking.JsonProtocol.ChatServicesJsonProxy - RAW RESPONSE RECEIVED: {"type":"IntegerValue","errorMessage":null,"data":100}
2026-04-27 13:01:32,086 [13] DEBUG ChatNetworking.JsonProtocol.ChatServicesJsonProxy - RAW RESPONSE RECEIVED: {"type":"SpectaclesList","errorMessage":null,"data":[{"id":2,"name":"Untold Festival 2024","startDate":"2024-08-08T18:00:00","duration":84,"capacity":100000,"location":"Cluj Arena"},{"id":3,"name":"Electric Castle","startDate":"2024-07-17T14:00:00","duration":100,"capacity":49990,"location":"Castelul Banffy"},{"id":4,"name":"Concert Coldplay","startDate":"2024-06-12T20:00:00","duration":3,"capacity":49981,"location":"Arena Nationala"},{"id":5,"name":"Summer Well","startDate":"2024-08-09T16:00:00","duration":50,"capacity":20000,"location":"Domeniul Stirbey"},{"id":6,"name":"Beach, Please!","startDate":"2024-07-10T12:00:00","duration":96,"capacity":79988,"location":"Costinesti"},{"id":7,"name":"Massif Poiana Brasov","startDate":"2024-03-14T17:00:00","duration":72,"capacity":15000,"location":"Poiana Brasov"},{"id":13,"name":"OradeaSound","startDate":"2026-04-11T00:00:56","duration":3,"capacity":100,"location":"Oradea"}]}
2026-04-27 13:01:32,088 [13] DEBUG ChatNetworking.JsonProtocol.ChatServicesJsonProxy - RAW RESPONSE RECEIVED: {"type":"IntegerValue","errorMessage":null,"data":45}
2026-04-27 13:01:32,089 [13] DEBUG ChatNetworking.JsonProtocol.ChatServicesJsonProxy - RAW RESPONSE RECEIVED: {"type":"IntegerValue","errorMessage":null,"data":10}
2026-04-27 13:01:32,090 [13] DEBUG ChatNetworking.JsonProtocol.ChatServicesJsonProxy - RAW RESPONSE RECEIVED: {"type":"IntegerValue","errorMessage":null,"data":0}
2026-04-27 13:01:32,091 [13] DEBUG ChatNetworking.JsonProtocol.ChatServicesJsonProxy - RAW RESPONSE RECEIVED: {"type":"IntegerValue","errorMessage":null,"data":1}
2026-04-27 13:01:32,092 [13] DEBUG ChatNetworking.JsonProtocol.ChatServicesJsonProxy - RAW RESPONSE RECEIVED: {"type":"IntegerValue","errorMessage":null,"data":0}
2026-04-27 13:01:32,093 [13] DEBUG ChatNetworking.JsonProtocol.ChatServicesJsonProxy - RAW RESPONSE RECEIVED: {"type":"IntegerValue","errorMessage":null,"data":23}
2026-04-27 13:01:32,094 [13] DEBUG ChatNetworking.JsonProtocol.ChatServicesJsonProxy - RAW RESPONSE RECEIVED: {"type":"IntegerValue","errorMessage":null,"data":100}
2026-04-27 13:01:32,095 [13] DEBUG ChatNetworking.JsonProtocol.ChatServicesJsonProxy - RAW RESPONSE RECEIVED: {"type":"SpectaclesList","errorMessage":null,"data":[{"id":2,"name":"Untold Festival 2024","startDate":"2024-08-08T18:00:00","duration":84,"capacity":100000,"location":"Cluj Arena"},{"id":3,"name":"Electric Castle","startDate":"2024-07-17T14:00:00","duration":100,"capacity":49990,"location":"Castelul Banffy"},{"id":4,"name":"Concert Coldplay","startDate":"2024-06-12T20:00:00","duration":3,"capacity":49981,"location":"Arena Nationala"},{"id":5,"name":"Summer Well","startDate":"2024-08-09T16:00:00","duration":50,"capacity":20000,"location":"Domeniul Stirbey"},{"id":6,"name":"Beach, Please!","startDate":"2024-07-10T12:00:00","duration":96,"capacity":79988,"location":"Costinesti"},{"id":7,"name":"Massif Poiana Brasov","startDate":"2024-03-14T17:00:00","duration":72,"capacity":15000,"location":"Poiana Brasov"},{"id":13,"name":"OradeaSound","startDate":"2026-04-11T00:00:56","duration":3,"capacity":100,"location":"Oradea"}]}
2026-04-27 13:01:32,096 [13] DEBUG ChatNetworking.JsonProtocol.ChatServicesJsonProxy - RAW RESPONSE RECEIVED: {"type":"IntegerValue","errorMessage":null,"data":45}
2026-04-27 13:01:32,097 [13] DEBUG ChatNetworking.JsonProtocol.ChatServicesJsonProxy - RAW RESPONSE RECEIVED: {"type":"IntegerValue","errorMessage":null,"data":10}
2026-04-27 13:01:32,098 [13] DEBUG ChatNetworking.JsonProtocol.ChatServicesJsonProxy - RAW RESPONSE RECEIVED: {"type":"IntegerValue","errorMessage":null,"data":0}
2026-04-27 13:01:32,099 [13] DEBUG ChatNetworking.JsonProtocol.ChatServicesJsonProxy - RAW RESPONSE RECEIVED: {"type":"IntegerValue","errorMessage":null,"data":1}
2026-04-27 13:01:32,100 [13] DEBUG ChatNetworking.JsonProtocol.ChatServicesJsonProxy - RAW RESPONSE RECEIVED: {"type":"IntegerValue","errorMessage":null,"data":0}
2026-04-27 13:01:32,113 [13] DEBUG ChatNetworking.JsonProtocol.ChatServicesJsonProxy - RAW RESPONSE RECEIVED: {"type":"IntegerValue","errorMessage":null,"data":23}
2026-04-27 13:01:32,114 [13] DEBUG ChatNetworking.JsonProtocol.ChatServicesJsonProxy - RAW RESPONSE RECEIVED: {"type":"IntegerValue","errorMessage":null,"data":100}
2026-04-27 13:02:51,523 [13] DEBUG ChatNetworking.JsonProtocol.ChatServicesJsonProxy - RAW RESPONSE RECEIVED: {"type":"DomainDataChanged","errorMessage":"TICKET_SALES","data":null}
2026-04-27 13:02:51,523 [13] DEBUG ChatClient.MainWindow - Domain update notification: ALL
2026-04-27 13:02:51,524 [13] DEBUG ChatNetworking.JsonProtocol.ChatServicesJsonProxy - RAW RESPONSE RECEIVED: {"type":"DomainDataChanged","errorMessage":"SPECTACLES","data":null}
2026-04-27 13:02:51,524 [13] DEBUG ChatClient.MainWindow - Domain update notification: ALL
2026-04-27 13:02:51,525 [13] DEBUG ChatNetworking.JsonProtocol.ChatServicesJsonProxy - RAW RESPONSE RECEIVED: {"type":"SpectaclesList","errorMessage":null,"data":[{"id":2,"name":"Untold Festival 2024","startDate":"2024-08-08T18:00:00","duration":84,"capacity":100000,"location":"Cluj Arena"},{"id":3,"name":"Electric Castle","startDate":"2024-07-17T14:00:00","duration":100,"capacity":49990,"location":"Castelul Banffy"},{"id":4,"name":"Concert Coldplay","startDate":"2024-06-12T20:00:00","duration":3,"capacity":49981,"location":"Arena Nationala"},{"id":5,"name":"Summer Well","startDate":"2024-08-09T16:00:00","duration":50,"capacity":20000,"location":"Domeniul Stirbey"},{"id":6,"name":"Beach, Please!","startDate":"2024-07-10T12:00:00","duration":96,"capacity":79988,"location":"Costinesti"},{"id":7,"name":"Massif Poiana Brasov","startDate":"2024-03-14T17:00:00","duration":72,"capacity":15000,"location":"Poiana Brasov"},{"id":13,"name":"OradeaSound","startDate":"2026-04-11T00:00:56","duration":3,"capacity":100,"location":"Oradea"}]}
2026-04-27 13:02:51,528 [13] DEBUG ChatNetworking.JsonProtocol.ChatServicesJsonProxy - RAW RESPONSE RECEIVED: {"type":"TicketSalesList","errorMessage":null,"data":[{"id":13,"spectacleId":2,"buyerId":1,"buyerName":"ss","seats":20,"soldAt":"2026-04-25T21:01:45","spectacleName":"Untold Festival 2024"},{"id":14,"spectacleId":2,"buyerId":2,"buyerName":"rosario","seats":20,"soldAt":"2026-04-25T21:10:38","spectacleName":"Untold Festival 2024"},{"id":15,"spectacleId":3,"buyerId":2,"buyerName":"rosario","seats":5,"soldAt":"2026-04-25T21:12:44","spectacleName":"Electric Castle"},{"id":16,"spectacleId":3,"buyerId":3,"buyerName":"haha","seats":5,"soldAt":"2026-04-25T21:13:24","spectacleName":"Electric Castle"},{"id":17,"spectacleId":13,"buyerId":4,"buyerName":"raz","seats":5,"soldAt":"2026-04-25T21:21:53","spectacleName":"OradeaSound"},{"id":18,"spectacleId":5,"buyerId":5,"buyerName":"ee","seats":1,"soldAt":"2026-04-25T21:22:57","spectacleName":"Summer Well"},{"id":19,"spectacleId":2,"buyerId":6,"buyerName":"www","seats":5,"soldAt":"2026-04-25T22:20:01","spectacleName":"Untold Festival 2024"},{"id":20,"spectacleId":13,"buyerId":7,"buyerName":"hhhh","seats":6,"soldAt":"2026-04-25T22:21:10","spectacleName":"OradeaSound"},{"id":21,"spectacleId":13,"buyerId":8,"buyerName":"rrr","seats":89,"soldAt":"2026-04-25T22:21:23","spectacleName":"OradeaSound"},{"id":22,"spectacleId":7,"buyerId":9,"buyerName":"ddd","seats":5,"soldAt":"2026-04-25T23:53:43","spectacleName":"Massif Poiana Brasov"},{"id":23,"spectacleId":7,"buyerId":10,"buyerName":"aaa","seats":8,"soldAt":"2026-04-25T23:54:37","spectacleName":"Massif Poiana Brasov"},{"id":24,"spectacleId":2,"buyerId":11,"buyerName":"xx","seats":5,"soldAt":"2026-04-26T17:42:30","spectacleName":"Untold Festival 2024"},{"id":25,"spectacleId":2,"buyerId":12,"buyerName":"dd","seats":5,"soldAt":"2026-04-27T12:26:21","spectacleName":"Untold Festival 2024"},{"id":26,"spectacleId":7,"buyerId":13,"buyerName":"lll","seats":10,"soldAt":"2026-04-27T13:00:19","spectacleName":"Massif Poiana Brasov"}]}
2026-04-27 13:02:51,539 [13] DEBUG ChatNetworking.JsonProtocol.ChatServicesJsonProxy - RAW RESPONSE RECEIVED: {"type":"SpectaclesList","errorMessage":null,"data":[{"id":2,"name":"Untold Festival 2024","startDate":"2024-08-08T18:00:00","duration":84,"capacity":100000,"location":"Cluj Arena"},{"id":3,"name":"Electric Castle","startDate":"2024-07-17T14:00:00","duration":100,"capacity":49990,"location":"Castelul Banffy"},{"id":4,"name":"Concert Coldplay","startDate":"2024-06-12T20:00:00","duration":3,"capacity":49981,"location":"Arena Nationala"},{"id":5,"name":"Summer Well","startDate":"2024-08-09T16:00:00","duration":50,"capacity":20000,"location":"Domeniul Stirbey"},{"id":6,"name":"Beach, Please!","startDate":"2024-07-10T12:00:00","duration":96,"capacity":79988,"location":"Costinesti"},{"id":7,"name":"Massif Poiana Brasov","startDate":"2024-03-14T17:00:00","duration":72,"capacity":15000,"location":"Poiana Brasov"},{"id":13,"name":"OradeaSound","startDate":"2026-04-11T00:00:56","duration":3,"capacity":100,"location":"Oradea"}]}
2026-04-27 13:02:51,541 [13] DEBUG ChatNetworking.JsonProtocol.ChatServicesJsonProxy - RAW RESPONSE RECEIVED: {"type":"TicketSalesList","errorMessage":null,"data":[{"id":13,"spectacleId":2,"buyerId":1,"buyerName":"ss","seats":20,"soldAt":"2026-04-25T21:01:45","spectacleName":"Untold Festival 2024"},{"id":14,"spectacleId":2,"buyerId":2,"buyerName":"rosario","seats":20,"soldAt":"2026-04-25T21:10:38","spectacleName":"Untold Festival 2024"},{"id":15,"spectacleId":3,"buyerId":2,"buyerName":"rosario","seats":5,"soldAt":"2026-04-25T21:12:44","spectacleName":"Electric Castle"},{"id":16,"spectacleId":3,"buyerId":3,"buyerName":"haha","seats":5,"soldAt":"2026-04-25T21:13:24","spectacleName":"Electric Castle"},{"id":17,"spectacleId":13,"buyerId":4,"buyerName":"raz","seats":5,"soldAt":"2026-04-25T21:21:53","spectacleName":"OradeaSound"},{"id":18,"spectacleId":5,"buyerId":5,"buyerName":"ee","seats":1,"soldAt":"2026-04-25T21:22:57","spectacleName":"Summer Well"},{"id":19,"spectacleId":2,"buyerId":6,"buyerName":"www","seats":5,"soldAt":"2026-04-25T22:20:01","spectacleName":"Untold Festival 2024"},{"id":20,"spectacleId":13,"buyerId":7,"buyerName":"hhhh","seats":6,"soldAt":"2026-04-25T22:21:10","spectacleName":"OradeaSound"},{"id":21,"spectacleId":13,"buyerId":8,"buyerName":"rrr","seats":89,"soldAt":"2026-04-25T22:21:23","spectacleName":"OradeaSound"},{"id":22,"spectacleId":7,"buyerId":9,"buyerName":"ddd","seats":5,"soldAt":"2026-04-25T23:53:43","spectacleName":"Massif Poiana Brasov"},{"id":23,"spectacleId":7,"buyerId":10,"buyerName":"aaa","seats":8,"soldAt":"2026-04-25T23:54:37","spectacleName":"Massif Poiana Brasov"},{"id":24,"spectacleId":2,"buyerId":11,"buyerName":"xx","seats":5,"soldAt":"2026-04-26T17:42:30","spectacleName":"Untold Festival 2024"},{"id":25,"spectacleId":2,"buyerId":12,"buyerName":"dd","seats":5,"soldAt":"2026-04-27T12:26:21","spectacleName":"Untold Festival 2024"},{"id":26,"spectacleId":7,"buyerId":13,"buyerName":"lll","seats":10,"soldAt":"2026-04-27T13:00:19","spectacleName":"Massif Poiana Brasov"}]}
2026-04-27 13:02:51,544 [13] DEBUG ChatNetworking.JsonProtocol.ChatServicesJsonProxy - RAW RESPONSE RECEIVED: {"type":"SpectaclesList","errorMessage":null,"data":[{"id":2,"name":"Untold Festival 2024","startDate":"2024-08-08T18:00:00","duration":84,"capacity":100000,"location":"Cluj Arena"},{"id":3,"name":"Electric Castle","startDate":"2024-07-17T14:00:00","duration":100,"capacity":49990,"location":"Castelul Banffy"},{"id":4,"name":"Concert Coldplay","startDate":"2024-06-12T20:00:00","duration":3,"capacity":49981,"location":"Arena Nationala"},{"id":5,"name":"Summer Well","startDate":"2024-08-09T16:00:00","duration":50,"capacity":20000,"location":"Domeniul Stirbey"},{"id":6,"name":"Beach, Please!","startDate":"2024-07-10T12:00:00","duration":96,"capacity":79988,"location":"Costinesti"},{"id":7,"name":"Massif Poiana Brasov","startDate":"2024-03-14T17:00:00","duration":72,"capacity":15000,"location":"Poiana Brasov"},{"id":13,"name":"OradeaSound","startDate":"2026-04-11T00:00:56","duration":3,"capacity":100,"location":"Oradea"}]}
2026-04-27 13:02:51,546 [13] DEBUG ChatNetworking.JsonProtocol.ChatServicesJsonProxy - RAW RESPONSE RECEIVED: {"type":"SpectaclesList","errorMessage":null,"data":[{"id":2,"name":"Untold Festival 2024","startDate":"2024-08-08T18:00:00","duration":84,"capacity":100000,"location":"Cluj Arena"},{"id":3,"name":"Electric Castle","startDate":"2024-07-17T14:00:00","duration":100,"capacity":49990,"location":"Castelul Banffy"},{"id":4,"name":"Concert Coldplay","startDate":"2024-06-12T20:00:00","duration":3,"capacity":49981,"location":"Arena Nationala"},{"id":5,"name":"Summer Well","startDate":"2024-08-09T16:00:00","duration":50,"capacity":20000,"location":"Domeniul Stirbey"},{"id":6,"name":"Beach, Please!","startDate":"2024-07-10T12:00:00","duration":96,"capacity":79988,"location":"Costinesti"},{"id":7,"name":"Massif Poiana Brasov","startDate":"2024-03-14T17:00:00","duration":72,"capacity":15000,"location":"Poiana Brasov"},{"id":13,"name":"OradeaSound","startDate":"2026-04-11T00:00:56","duration":3,"capacity":100,"location":"Oradea"}]}
2026-04-27 13:02:51,547 [13] DEBUG ChatNetworking.JsonProtocol.ChatServicesJsonProxy - RAW RESPONSE RECEIVED: {"type":"IntegerValue","errorMessage":null,"data":55}
2026-04-27 13:02:51,547 [13] DEBUG ChatNetworking.JsonProtocol.ChatServicesJsonProxy - RAW RESPONSE RECEIVED: {"type":"IntegerValue","errorMessage":null,"data":10}
2026-04-27 13:02:51,548 [13] DEBUG ChatNetworking.JsonProtocol.ChatServicesJsonProxy - RAW RESPONSE RECEIVED: {"type":"IntegerValue","errorMessage":null,"data":0}
2026-04-27 13:02:51,549 [13] DEBUG ChatNetworking.JsonProtocol.ChatServicesJsonProxy - RAW RESPONSE RECEIVED: {"type":"IntegerValue","errorMessage":null,"data":1}
2026-04-27 13:02:51,550 [13] DEBUG ChatNetworking.JsonProtocol.ChatServicesJsonProxy - RAW RESPONSE RECEIVED: {"type":"IntegerValue","errorMessage":null,"data":0}
2026-04-27 13:02:51,551 [13] DEBUG ChatNetworking.JsonProtocol.ChatServicesJsonProxy - RAW RESPONSE RECEIVED: {"type":"IntegerValue","errorMessage":null,"data":23}
2026-04-27 13:02:51,552 [13] DEBUG ChatNetworking.JsonProtocol.ChatServicesJsonProxy - RAW RESPONSE RECEIVED: {"type":"IntegerValue","errorMessage":null,"data":100}
2026-04-27 13:02:51,553 [13] DEBUG ChatNetworking.JsonProtocol.ChatServicesJsonProxy - RAW RESPONSE RECEIVED: {"type":"TicketSalesList","errorMessage":null,"data":[{"id":13,"spectacleId":2,"buyerId":1,"buyerName":"ss","seats":20,"soldAt":"2026-04-25T21:01:45","spectacleName":"Untold Festival 2024"},{"id":14,"spectacleId":2,"buyerId":2,"buyerName":"rosario","seats":20,"soldAt":"2026-04-25T21:10:38","spectacleName":"Untold Festival 2024"},{"id":15,"spectacleId":3,"buyerId":2,"buyerName":"rosario","seats":5,"soldAt":"2026-04-25T21:12:44","spectacleName":"Electric Castle"},{"id":16,"spectacleId":3,"buyerId":3,"buyerName":"haha","seats":5,"soldAt":"2026-04-25T21:13:24","spectacleName":"Electric Castle"},{"id":17,"spectacleId":13,"buyerId":4,"buyerName":"raz","seats":5,"soldAt":"2026-04-25T21:21:53","spectacleName":"OradeaSound"},{"id":18,"spectacleId":5,"buyerId":5,"buyerName":"ee","seats":1,"soldAt":"2026-04-25T21:22:57","spectacleName":"Summer Well"},{"id":19,"spectacleId":2,"buyerId":6,"buyerName":"www","seats":5,"soldAt":"2026-04-25T22:20:01","spectacleName":"Untold Festival 2024"},{"id":20,"spectacleId":13,"buyerId":7,"buyerName":"hhhh","seats":6,"soldAt":"2026-04-25T22:21:10","spectacleName":"OradeaSound"},{"id":21,"spectacleId":13,"buyerId":8,"buyerName":"rrr","seats":89,"soldAt":"2026-04-25T22:21:23","spectacleName":"OradeaSound"},{"id":22,"spectacleId":7,"buyerId":9,"buyerName":"ddd","seats":5,"soldAt":"2026-04-25T23:53:43","spectacleName":"Massif Poiana Brasov"},{"id":23,"spectacleId":7,"buyerId":10,"buyerName":"aaa","seats":8,"soldAt":"2026-04-25T23:54:37","spectacleName":"Massif Poiana Brasov"},{"id":24,"spectacleId":2,"buyerId":11,"buyerName":"xx","seats":5,"soldAt":"2026-04-26T17:42:30","spectacleName":"Untold Festival 2024"},{"id":25,"spectacleId":2,"buyerId":12,"buyerName":"dd","seats":5,"soldAt":"2026-04-27T12:26:21","spectacleName":"Untold Festival 2024"},{"id":26,"spectacleId":7,"buyerId":13,"buyerName":"lll","seats":10,"soldAt":"2026-04-27T13:00:19","spectacleName":"Massif Poiana Brasov"}]}
2026-04-27 13:02:51,554 [13] DEBUG ChatNetworking.JsonProtocol.ChatServicesJsonProxy - RAW RESPONSE RECEIVED: {"type":"SpectaclesList","errorMessage":null,"data":[{"id":2,"name":"Untold Festival 2024","startDate":"2024-08-08T18:00:00","duration":84,"capacity":100000,"location":"Cluj Arena"},{"id":3,"name":"Electric Castle","startDate":"2024-07-17T14:00:00","duration":100,"capacity":49990,"location":"Castelul Banffy"},{"id":4,"name":"Concert Coldplay","startDate":"2024-06-12T20:00:00","duration":3,"capacity":49981,"location":"Arena Nationala"},{"id":5,"name":"Summer Well","startDate":"2024-08-09T16:00:00","duration":50,"capacity":20000,"location":"Domeniul Stirbey"},{"id":6,"name":"Beach, Please!","startDate":"2024-07-10T12:00:00","duration":96,"capacity":79988,"location":"Costinesti"},{"id":7,"name":"Massif Poiana Brasov","startDate":"2024-03-14T17:00:00","duration":72,"capacity":15000,"location":"Poiana Brasov"},{"id":13,"name":"OradeaSound","startDate":"2026-04-11T00:00:56","duration":3,"capacity":100,"location":"Oradea"}]}
2026-04-27 13:02:51,557 [13] DEBUG ChatNetworking.JsonProtocol.ChatServicesJsonProxy - RAW RESPONSE RECEIVED: {"type":"TicketSalesList","errorMessage":null,"data":[{"id":13,"spectacleId":2,"buyerId":1,"buyerName":"ss","seats":20,"soldAt":"2026-04-25T21:01:45","spectacleName":"Untold Festival 2024"},{"id":14,"spectacleId":2,"buyerId":2,"buyerName":"rosario","seats":20,"soldAt":"2026-04-25T21:10:38","spectacleName":"Untold Festival 2024"},{"id":15,"spectacleId":3,"buyerId":2,"buyerName":"rosario","seats":5,"soldAt":"2026-04-25T21:12:44","spectacleName":"Electric Castle"},{"id":16,"spectacleId":3,"buyerId":3,"buyerName":"haha","seats":5,"soldAt":"2026-04-25T21:13:24","spectacleName":"Electric Castle"},{"id":17,"spectacleId":13,"buyerId":4,"buyerName":"raz","seats":5,"soldAt":"2026-04-25T21:21:53","spectacleName":"OradeaSound"},{"id":18,"spectacleId":5,"buyerId":5,"buyerName":"ee","seats":1,"soldAt":"2026-04-25T21:22:57","spectacleName":"Summer Well"},{"id":19,"spectacleId":2,"buyerId":6,"buyerName":"www","seats":5,"soldAt":"2026-04-25T22:20:01","spectacleName":"Untold Festival 2024"},{"id":20,"spectacleId":13,"buyerId":7,"buyerName":"hhhh","seats":6,"soldAt":"2026-04-25T22:21:10","spectacleName":"OradeaSound"},{"id":21,"spectacleId":13,"buyerId":8,"buyerName":"rrr","seats":89,"soldAt":"2026-04-25T22:21:23","spectacleName":"OradeaSound"},{"id":22,"spectacleId":7,"buyerId":9,"buyerName":"ddd","seats":5,"soldAt":"2026-04-25T23:53:43","spectacleName":"Massif Poiana Brasov"},{"id":23,"spectacleId":7,"buyerId":10,"buyerName":"aaa","seats":8,"soldAt":"2026-04-25T23:54:37","spectacleName":"Massif Poiana Brasov"},{"id":24,"spectacleId":2,"buyerId":11,"buyerName":"xx","seats":5,"soldAt":"2026-04-26T17:42:30","spectacleName":"Untold Festival 2024"},{"id":25,"spectacleId":2,"buyerId":12,"buyerName":"dd","seats":5,"soldAt":"2026-04-27T12:26:21","spectacleName":"Untold Festival 2024"},{"id":26,"spectacleId":7,"buyerId":13,"buyerName":"lll","seats":10,"soldAt":"2026-04-27T13:00:19","spectacleName":"Massif Poiana Brasov"}]}
2026-04-27 13:02:51,559 [13] DEBUG ChatNetworking.JsonProtocol.ChatServicesJsonProxy - RAW RESPONSE RECEIVED: {"type":"SpectaclesList","errorMessage":null,"data":[{"id":2,"name":"Untold Festival 2024","startDate":"2024-08-08T18:00:00","duration":84,"capacity":100000,"location":"Cluj Arena"},{"id":3,"name":"Electric Castle","startDate":"2024-07-17T14:00:00","duration":100,"capacity":49990,"location":"Castelul Banffy"},{"id":4,"name":"Concert Coldplay","startDate":"2024-06-12T20:00:00","duration":3,"capacity":49981,"location":"Arena Nationala"},{"id":5,"name":"Summer Well","startDate":"2024-08-09T16:00:00","duration":50,"capacity":20000,"location":"Domeniul Stirbey"},{"id":6,"name":"Beach, Please!","startDate":"2024-07-10T12:00:00","duration":96,"capacity":79988,"location":"Costinesti"},{"id":7,"name":"Massif Poiana Brasov","startDate":"2024-03-14T17:00:00","duration":72,"capacity":15000,"location":"Poiana Brasov"},{"id":13,"name":"OradeaSound","startDate":"2026-04-11T00:00:56","duration":3,"capacity":100,"location":"Oradea"}]}
2026-04-27 13:02:51,560 [13] DEBUG ChatNetworking.JsonProtocol.ChatServicesJsonProxy - RAW RESPONSE RECEIVED: {"type":"IntegerValue","errorMessage":null,"data":55}
2026-04-27 13:02:51,561 [13] DEBUG ChatNetworking.JsonProtocol.ChatServicesJsonProxy - RAW RESPONSE RECEIVED: {"type":"IntegerValue","errorMessage":null,"data":10}
2026-04-27 13:02:51,562 [13] DEBUG ChatNetworking.JsonProtocol.ChatServicesJsonProxy - RAW RESPONSE RECEIVED: {"type":"IntegerValue","errorMessage":null,"data":0}
2026-04-27 13:02:51,563 [13] DEBUG ChatNetworking.JsonProtocol.ChatServicesJsonProxy - RAW RESPONSE RECEIVED: {"type":"IntegerValue","errorMessage":null,"data":1}
2026-04-27 13:02:51,564 [13] DEBUG ChatNetworking.JsonProtocol.ChatServicesJsonProxy - RAW RESPONSE RECEIVED: {"type":"IntegerValue","errorMessage":null,"data":0}
2026-04-27 13:02:51,565 [13] DEBUG ChatNetworking.JsonProtocol.ChatServicesJsonProxy - RAW RESPONSE RECEIVED: {"type":"IntegerValue","errorMessage":null,"data":23}
2026-04-27 13:02:51,566 [13] DEBUG ChatNetworking.JsonProtocol.ChatServicesJsonProxy - RAW RESPONSE RECEIVED: {"type":"IntegerValue","errorMessage":null,"data":100}
2026-04-27 13:02:51,567 [13] DEBUG ChatNetworking.JsonProtocol.ChatServicesJsonProxy - RAW RESPONSE RECEIVED: {"type":"SpectaclesList","errorMessage":null,"data":[{"id":2,"name":"Untold Festival 2024","startDate":"2024-08-08T18:00:00","duration":84,"capacity":100000,"location":"Cluj Arena"},{"id":3,"name":"Electric Castle","startDate":"2024-07-17T14:00:00","duration":100,"capacity":49990,"location":"Castelul Banffy"},{"id":4,"name":"Concert Coldplay","startDate":"2024-06-12T20:00:00","duration":3,"capacity":49981,"location":"Arena Nationala"},{"id":5,"name":"Summer Well","startDate":"2024-08-09T16:00:00","duration":50,"capacity":20000,"location":"Domeniul Stirbey"},{"id":6,"name":"Beach, Please!","startDate":"2024-07-10T12:00:00","duration":96,"capacity":79988,"location":"Costinesti"},{"id":7,"name":"Massif Poiana Brasov","startDate":"2024-03-14T17:00:00","duration":72,"capacity":15000,"location":"Poiana Brasov"},{"id":13,"name":"OradeaSound","startDate":"2026-04-11T00:00:56","duration":3,"capacity":100,"location":"Oradea"}]}
2026-04-27 13:02:51,568 [13] DEBUG ChatNetworking.JsonProtocol.ChatServicesJsonProxy - RAW RESPONSE RECEIVED: {"type":"IntegerValue","errorMessage":null,"data":55}
2026-04-27 13:02:51,569 [13] DEBUG ChatNetworking.JsonProtocol.ChatServicesJsonProxy - RAW RESPONSE RECEIVED: {"type":"IntegerValue","errorMessage":null,"data":10}
2026-04-27 13:02:51,570 [13] DEBUG ChatNetworking.JsonProtocol.ChatServicesJsonProxy - RAW RESPONSE RECEIVED: {"type":"IntegerValue","errorMessage":null,"data":0}
2026-04-27 13:02:51,571 [13] DEBUG ChatNetworking.JsonProtocol.ChatServicesJsonProxy - RAW RESPONSE RECEIVED: {"type":"IntegerValue","errorMessage":null,"data":1}
2026-04-27 13:02:51,572 [13] DEBUG ChatNetworking.JsonProtocol.ChatServicesJsonProxy - RAW RESPONSE RECEIVED: {"type":"IntegerValue","errorMessage":null,"data":0}
2026-04-27 13:02:51,573 [13] DEBUG ChatNetworking.JsonProtocol.ChatServicesJsonProxy - RAW RESPONSE RECEIVED: {"type":"IntegerValue","errorMessage":null,"data":23}
2026-04-27 13:02:51,573 [13] DEBUG ChatNetworking.JsonProtocol.ChatServicesJsonProxy - RAW RESPONSE RECEIVED: {"type":"IntegerValue","errorMessage":null,"data":100}
2026-04-27 13:02:51,575 [13] DEBUG ChatNetworking.JsonProtocol.ChatServicesJsonProxy - RAW RESPONSE RECEIVED: {"type":"SpectaclesList","errorMessage":null,"data":[{"id":2,"name":"Untold Festival 2024","startDate":"2024-08-08T18:00:00","duration":84,"capacity":100000,"location":"Cluj Arena"},{"id":3,"name":"Electric Castle","startDate":"2024-07-17T14:00:00","duration":100,"capacity":49990,"location":"Castelul Banffy"},{"id":4,"name":"Concert Coldplay","startDate":"2024-06-12T20:00:00","duration":3,"capacity":49981,"location":"Arena Nationala"},{"id":5,"name":"Summer Well","startDate":"2024-08-09T16:00:00","duration":50,"capacity":20000,"location":"Domeniul Stirbey"},{"id":6,"name":"Beach, Please!","startDate":"2024-07-10T12:00:00","duration":96,"capacity":79988,"location":"Costinesti"},{"id":7,"name":"Massif Poiana Brasov","startDate":"2024-03-14T17:00:00","duration":72,"capacity":15000,"location":"Poiana Brasov"},{"id":13,"name":"OradeaSound","startDate":"2026-04-11T00:00:56","duration":3,"capacity":100,"location":"Oradea"}]}
2026-04-27 13:02:51,576 [13] DEBUG ChatNetworking.JsonProtocol.ChatServicesJsonProxy - RAW RESPONSE RECEIVED: {"type":"IntegerValue","errorMessage":null,"data":55}
2026-04-27 13:02:51,577 [13] DEBUG ChatNetworking.JsonProtocol.ChatServicesJsonProxy - RAW RESPONSE RECEIVED: {"type":"IntegerValue","errorMessage":null,"data":10}
2026-04-27 13:02:51,578 [13] DEBUG ChatNetworking.JsonProtocol.ChatServicesJsonProxy - RAW RESPONSE RECEIVED: {"type":"IntegerValue","errorMessage":null,"data":0}
2026-04-27 13:02:51,579 [13] DEBUG ChatNetworking.JsonProtocol.ChatServicesJsonProxy - RAW RESPONSE RECEIVED: {"type":"IntegerValue","errorMessage":null,"data":1}
2026-04-27 13:02:51,580 [13] DEBUG ChatNetworking.JsonProtocol.ChatServicesJsonProxy - RAW RESPONSE RECEIVED: {"type":"IntegerValue","errorMessage":null,"data":0}
2026-04-27 13:02:51,580 [13] DEBUG ChatNetworking.JsonProtocol.ChatServicesJsonProxy - RAW RESPONSE RECEIVED: {"type":"IntegerValue","errorMessage":null,"data":23}
2026-04-27 13:02:51,581 [13] DEBUG ChatNetworking.JsonProtocol.ChatServicesJsonProxy - RAW RESPONSE RECEIVED: {"type":"IntegerValue","errorMessage":null,"data":100}
2026-04-27 13:03:15,927 [13] DEBUG ChatNetworking.JsonProtocol.ChatServicesJsonProxy - RAW RESPONSE RECEIVED: {"type":"DomainDataChanged","errorMessage":"TICKET_SALES","data":null}
2026-04-27 13:03:15,927 [13] DEBUG ChatClient.MainWindow - Domain update notification: ALL
2026-04-27 13:03:15,928 [13] DEBUG ChatNetworking.JsonProtocol.ChatServicesJsonProxy - RAW RESPONSE RECEIVED: {"type":"DomainDataChanged","errorMessage":"SPECTACLES","data":null}
2026-04-27 13:03:15,928 [13] DEBUG ChatClient.MainWindow - Domain update notification: ALL
2026-04-27 13:03:15,929 [13] DEBUG ChatNetworking.JsonProtocol.ChatServicesJsonProxy - RAW RESPONSE RECEIVED: {"type":"SpectaclesList","errorMessage":null,"data":[{"id":2,"name":"Untold Festival 2024","startDate":"2024-08-08T18:00:00","duration":84,"capacity":100000,"location":"Cluj Arena"},{"id":3,"name":"Electric Castle","startDate":"2024-07-17T14:00:00","duration":100,"capacity":49990,"location":"Castelul Banffy"},{"id":4,"name":"Concert Coldplay","startDate":"2024-06-12T20:00:00","duration":3,"capacity":49981,"location":"Arena Nationala"},{"id":5,"name":"Summer Well","startDate":"2024-08-09T16:00:00","duration":50,"capacity":20000,"location":"Domeniul Stirbey"},{"id":6,"name":"Beach, Please!","startDate":"2024-07-10T12:00:00","duration":96,"capacity":79988,"location":"Costinesti"},{"id":7,"name":"Massif Poiana Brasov","startDate":"2024-03-14T17:00:00","duration":72,"capacity":15000,"location":"Poiana Brasov"},{"id":13,"name":"OradeaSound","startDate":"2026-04-11T00:00:56","duration":3,"capacity":100,"location":"Oradea"}]}
2026-04-27 13:03:15,932 [13] DEBUG ChatNetworking.JsonProtocol.ChatServicesJsonProxy - RAW RESPONSE RECEIVED: {"type":"TicketSalesList","errorMessage":null,"data":[{"id":13,"spectacleId":2,"buyerId":1,"buyerName":"ss","seats":30,"soldAt":"2026-04-25T21:01:45","spectacleName":"Untold Festival 2024"},{"id":14,"spectacleId":2,"buyerId":2,"buyerName":"rosario","seats":20,"soldAt":"2026-04-25T21:10:38","spectacleName":"Untold Festival 2024"},{"id":15,"spectacleId":3,"buyerId":2,"buyerName":"rosario","seats":5,"soldAt":"2026-04-25T21:12:44","spectacleName":"Electric Castle"},{"id":16,"spectacleId":3,"buyerId":3,"buyerName":"haha","seats":5,"soldAt":"2026-04-25T21:13:24","spectacleName":"Electric Castle"},{"id":17,"spectacleId":13,"buyerId":4,"buyerName":"raz","seats":5,"soldAt":"2026-04-25T21:21:53","spectacleName":"OradeaSound"},{"id":18,"spectacleId":5,"buyerId":5,"buyerName":"ee","seats":1,"soldAt":"2026-04-25T21:22:57","spectacleName":"Summer Well"},{"id":19,"spectacleId":2,"buyerId":6,"buyerName":"www","seats":5,"soldAt":"2026-04-25T22:20:01","spectacleName":"Untold Festival 2024"},{"id":20,"spectacleId":13,"buyerId":7,"buyerName":"hhhh","seats":6,"soldAt":"2026-04-25T22:21:10","spectacleName":"OradeaSound"},{"id":21,"spectacleId":13,"buyerId":8,"buyerName":"rrr","seats":89,"soldAt":"2026-04-25T22:21:23","spectacleName":"OradeaSound"},{"id":22,"spectacleId":7,"buyerId":9,"buyerName":"ddd","seats":5,"soldAt":"2026-04-25T23:53:43","spectacleName":"Massif Poiana Brasov"},{"id":23,"spectacleId":7,"buyerId":10,"buyerName":"aaa","seats":8,"soldAt":"2026-04-25T23:54:37","spectacleName":"Massif Poiana Brasov"},{"id":24,"spectacleId":2,"buyerId":11,"buyerName":"xx","seats":5,"soldAt":"2026-04-26T17:42:30","spectacleName":"Untold Festival 2024"},{"id":25,"spectacleId":2,"buyerId":12,"buyerName":"dd","seats":5,"soldAt":"2026-04-27T12:26:21","spectacleName":"Untold Festival 2024"},{"id":26,"spectacleId":7,"buyerId":13,"buyerName":"lll","seats":10,"soldAt":"2026-04-27T13:00:19","spectacleName":"Massif Poiana Brasov"}]}
2026-04-27 13:03:15,943 [13] DEBUG ChatNetworking.JsonProtocol.ChatServicesJsonProxy - RAW RESPONSE RECEIVED: {"type":"SpectaclesList","errorMessage":null,"data":[{"id":2,"name":"Untold Festival 2024","startDate":"2024-08-08T18:00:00","duration":84,"capacity":100000,"location":"Cluj Arena"},{"id":3,"name":"Electric Castle","startDate":"2024-07-17T14:00:00","duration":100,"capacity":49990,"location":"Castelul Banffy"},{"id":4,"name":"Concert Coldplay","startDate":"2024-06-12T20:00:00","duration":3,"capacity":49981,"location":"Arena Nationala"},{"id":5,"name":"Summer Well","startDate":"2024-08-09T16:00:00","duration":50,"capacity":20000,"location":"Domeniul Stirbey"},{"id":6,"name":"Beach, Please!","startDate":"2024-07-10T12:00:00","duration":96,"capacity":79988,"location":"Costinesti"},{"id":7,"name":"Massif Poiana Brasov","startDate":"2024-03-14T17:00:00","duration":72,"capacity":15000,"location":"Poiana Brasov"},{"id":13,"name":"OradeaSound","startDate":"2026-04-11T00:00:56","duration":3,"capacity":100,"location":"Oradea"}]}
2026-04-27 13:03:15,945 [13] DEBUG ChatNetworking.JsonProtocol.ChatServicesJsonProxy - RAW RESPONSE RECEIVED: {"type":"TicketSalesList","errorMessage":null,"data":[{"id":13,"spectacleId":2,"buyerId":1,"buyerName":"ss","seats":30,"soldAt":"2026-04-25T21:01:45","spectacleName":"Untold Festival 2024"},{"id":14,"spectacleId":2,"buyerId":2,"buyerName":"rosario","seats":20,"soldAt":"2026-04-25T21:10:38","spectacleName":"Untold Festival 2024"},{"id":15,"spectacleId":3,"buyerId":2,"buyerName":"rosario","seats":5,"soldAt":"2026-04-25T21:12:44","spectacleName":"Electric Castle"},{"id":16,"spectacleId":3,"buyerId":3,"buyerName":"haha","seats":5,"soldAt":"2026-04-25T21:13:24","spectacleName":"Electric Castle"},{"id":17,"spectacleId":13,"buyerId":4,"buyerName":"raz","seats":5,"soldAt":"2026-04-25T21:21:53","spectacleName":"OradeaSound"},{"id":18,"spectacleId":5,"buyerId":5,"buyerName":"ee","seats":1,"soldAt":"2026-04-25T21:22:57","spectacleName":"Summer Well"},{"id":19,"spectacleId":2,"buyerId":6,"buyerName":"www","seats":5,"soldAt":"2026-04-25T22:20:01","spectacleName":"Untold Festival 2024"},{"id":20,"spectacleId":13,"buyerId":7,"buyerName":"hhhh","seats":6,"soldAt":"2026-04-25T22:21:10","spectacleName":"OradeaSound"},{"id":21,"spectacleId":13,"buyerId":8,"buyerName":"rrr","seats":89,"soldAt":"2026-04-25T22:21:23","spectacleName":"OradeaSound"},{"id":22,"spectacleId":7,"buyerId":9,"buyerName":"ddd","seats":5,"soldAt":"2026-04-25T23:53:43","spectacleName":"Massif Poiana Brasov"},{"id":23,"spectacleId":7,"buyerId":10,"buyerName":"aaa","seats":8,"soldAt":"2026-04-25T23:54:37","spectacleName":"Massif Poiana Brasov"},{"id":24,"spectacleId":2,"buyerId":11,"buyerName":"xx","seats":5,"soldAt":"2026-04-26T17:42:30","spectacleName":"Untold Festival 2024"},{"id":25,"spectacleId":2,"buyerId":12,"buyerName":"dd","seats":5,"soldAt":"2026-04-27T12:26:21","spectacleName":"Untold Festival 2024"},{"id":26,"spectacleId":7,"buyerId":13,"buyerName":"lll","seats":10,"soldAt":"2026-04-27T13:00:19","spectacleName":"Massif Poiana Brasov"}]}
2026-04-27 13:03:15,947 [13] DEBUG ChatNetworking.JsonProtocol.ChatServicesJsonProxy - RAW RESPONSE RECEIVED: {"type":"SpectaclesList","errorMessage":null,"data":[{"id":2,"name":"Untold Festival 2024","startDate":"2024-08-08T18:00:00","duration":84,"capacity":100000,"location":"Cluj Arena"},{"id":3,"name":"Electric Castle","startDate":"2024-07-17T14:00:00","duration":100,"capacity":49990,"location":"Castelul Banffy"},{"id":4,"name":"Concert Coldplay","startDate":"2024-06-12T20:00:00","duration":3,"capacity":49981,"location":"Arena Nationala"},{"id":5,"name":"Summer Well","startDate":"2024-08-09T16:00:00","duration":50,"capacity":20000,"location":"Domeniul Stirbey"},{"id":6,"name":"Beach, Please!","startDate":"2024-07-10T12:00:00","duration":96,"capacity":79988,"location":"Costinesti"},{"id":7,"name":"Massif Poiana Brasov","startDate":"2024-03-14T17:00:00","duration":72,"capacity":15000,"location":"Poiana Brasov"},{"id":13,"name":"OradeaSound","startDate":"2026-04-11T00:00:56","duration":3,"capacity":100,"location":"Oradea"}]}
2026-04-27 13:03:15,949 [13] DEBUG ChatNetworking.JsonProtocol.ChatServicesJsonProxy - RAW RESPONSE RECEIVED: {"type":"SpectaclesList","errorMessage":null,"data":[{"id":2,"name":"Untold Festival 2024","startDate":"2024-08-08T18:00:00","duration":84,"capacity":100000,"location":"Cluj Arena"},{"id":3,"name":"Electric Castle","startDate":"2024-07-17T14:00:00","duration":100,"capacity":49990,"location":"Castelul Banffy"},{"id":4,"name":"Concert Coldplay","startDate":"2024-06-12T20:00:00","duration":3,"capacity":49981,"location":"Arena Nationala"},{"id":5,"name":"Summer Well","startDate":"2024-08-09T16:00:00","duration":50,"capacity":20000,"location":"Domeniul Stirbey"},{"id":6,"name":"Beach, Please!","startDate":"2024-07-10T12:00:00","duration":96,"capacity":79988,"location":"Costinesti"},{"id":7,"name":"Massif Poiana Brasov","startDate":"2024-03-14T17:00:00","duration":72,"capacity":15000,"location":"Poiana Brasov"},{"id":13,"name":"OradeaSound","startDate":"2026-04-11T00:00:56","duration":3,"capacity":100,"location":"Oradea"}]}
2026-04-27 13:03:15,950 [13] DEBUG ChatNetworking.JsonProtocol.ChatServicesJsonProxy - RAW RESPONSE RECEIVED: {"type":"IntegerValue","errorMessage":null,"data":65}
2026-04-27 13:03:15,951 [13] DEBUG ChatNetworking.JsonProtocol.ChatServicesJsonProxy - RAW RESPONSE RECEIVED: {"type":"IntegerValue","errorMessage":null,"data":10}
2026-04-27 13:03:15,952 [13] DEBUG ChatNetworking.JsonProtocol.ChatServicesJsonProxy - RAW RESPONSE RECEIVED: {"type":"IntegerValue","errorMessage":null,"data":0}
2026-04-27 13:03:15,954 [13] DEBUG ChatNetworking.JsonProtocol.ChatServicesJsonProxy - RAW RESPONSE RECEIVED: {"type":"IntegerValue","errorMessage":null,"data":1}
2026-04-27 13:03:15,955 [13] DEBUG ChatNetworking.JsonProtocol.ChatServicesJsonProxy - RAW RESPONSE RECEIVED: {"type":"IntegerValue","errorMessage":null,"data":0}
2026-04-27 13:03:15,956 [13] DEBUG ChatNetworking.JsonProtocol.ChatServicesJsonProxy - RAW RESPONSE RECEIVED: {"type":"IntegerValue","errorMessage":null,"data":23}
2026-04-27 13:03:15,956 [13] DEBUG ChatNetworking.JsonProtocol.ChatServicesJsonProxy - RAW RESPONSE RECEIVED: {"type":"IntegerValue","errorMessage":null,"data":100}
2026-04-27 13:03:15,958 [13] DEBUG ChatNetworking.JsonProtocol.ChatServicesJsonProxy - RAW RESPONSE RECEIVED: {"type":"TicketSalesList","errorMessage":null,"data":[{"id":13,"spectacleId":2,"buyerId":1,"buyerName":"ss","seats":30,"soldAt":"2026-04-25T21:01:45","spectacleName":"Untold Festival 2024"},{"id":14,"spectacleId":2,"buyerId":2,"buyerName":"rosario","seats":20,"soldAt":"2026-04-25T21:10:38","spectacleName":"Untold Festival 2024"},{"id":15,"spectacleId":3,"buyerId":2,"buyerName":"rosario","seats":5,"soldAt":"2026-04-25T21:12:44","spectacleName":"Electric Castle"},{"id":16,"spectacleId":3,"buyerId":3,"buyerName":"haha","seats":5,"soldAt":"2026-04-25T21:13:24","spectacleName":"Electric Castle"},{"id":17,"spectacleId":13,"buyerId":4,"buyerName":"raz","seats":5,"soldAt":"2026-04-25T21:21:53","spectacleName":"OradeaSound"},{"id":18,"spectacleId":5,"buyerId":5,"buyerName":"ee","seats":1,"soldAt":"2026-04-25T21:22:57","spectacleName":"Summer Well"},{"id":19,"spectacleId":2,"buyerId":6,"buyerName":"www","seats":5,"soldAt":"2026-04-25T22:20:01","spectacleName":"Untold Festival 2024"},{"id":20,"spectacleId":13,"buyerId":7,"buyerName":"hhhh","seats":6,"soldAt":"2026-04-25T22:21:10","spectacleName":"OradeaSound"},{"id":21,"spectacleId":13,"buyerId":8,"buyerName":"rrr","seats":89,"soldAt":"2026-04-25T22:21:23","spectacleName":"OradeaSound"},{"id":22,"spectacleId":7,"buyerId":9,"buyerName":"ddd","seats":5,"soldAt":"2026-04-25T23:53:43","spectacleName":"Massif Poiana Brasov"},{"id":23,"spectacleId":7,"buyerId":10,"buyerName":"aaa","seats":8,"soldAt":"2026-04-25T23:54:37","spectacleName":"Massif Poiana Brasov"},{"id":24,"spectacleId":2,"buyerId":11,"buyerName":"xx","seats":5,"soldAt":"2026-04-26T17:42:30","spectacleName":"Untold Festival 2024"},{"id":25,"spectacleId":2,"buyerId":12,"buyerName":"dd","seats":5,"soldAt":"2026-04-27T12:26:21","spectacleName":"Untold Festival 2024"},{"id":26,"spectacleId":7,"buyerId":13,"buyerName":"lll","seats":10,"soldAt":"2026-04-27T13:00:19","spectacleName":"Massif Poiana Brasov"}]}
2026-04-27 13:03:15,960 [13] DEBUG ChatNetworking.JsonProtocol.ChatServicesJsonProxy - RAW RESPONSE RECEIVED: {"type":"SpectaclesList","errorMessage":null,"data":[{"id":2,"name":"Untold Festival 2024","startDate":"2024-08-08T18:00:00","duration":84,"capacity":100000,"location":"Cluj Arena"},{"id":3,"name":"Electric Castle","startDate":"2024-07-17T14:00:00","duration":100,"capacity":49990,"location":"Castelul Banffy"},{"id":4,"name":"Concert Coldplay","startDate":"2024-06-12T20:00:00","duration":3,"capacity":49981,"location":"Arena Nationala"},{"id":5,"name":"Summer Well","startDate":"2024-08-09T16:00:00","duration":50,"capacity":20000,"location":"Domeniul Stirbey"},{"id":6,"name":"Beach, Please!","startDate":"2024-07-10T12:00:00","duration":96,"capacity":79988,"location":"Costinesti"},{"id":7,"name":"Massif Poiana Brasov","startDate":"2024-03-14T17:00:00","duration":72,"capacity":15000,"location":"Poiana Brasov"},{"id":13,"name":"OradeaSound","startDate":"2026-04-11T00:00:56","duration":3,"capacity":100,"location":"Oradea"}]}
2026-04-27 13:03:15,963 [13] DEBUG ChatNetworking.JsonProtocol.ChatServicesJsonProxy - RAW RESPONSE RECEIVED: {"type":"TicketSalesList","errorMessage":null,"data":[{"id":13,"spectacleId":2,"buyerId":1,"buyerName":"ss","seats":30,"soldAt":"2026-04-25T21:01:45","spectacleName":"Untold Festival 2024"},{"id":14,"spectacleId":2,"buyerId":2,"buyerName":"rosario","seats":20,"soldAt":"2026-04-25T21:10:38","spectacleName":"Untold Festival 2024"},{"id":15,"spectacleId":3,"buyerId":2,"buyerName":"rosario","seats":5,"soldAt":"2026-04-25T21:12:44","spectacleName":"Electric Castle"},{"id":16,"spectacleId":3,"buyerId":3,"buyerName":"haha","seats":5,"soldAt":"2026-04-25T21:13:24","spectacleName":"Electric Castle"},{"id":17,"spectacleId":13,"buyerId":4,"buyerName":"raz","seats":5,"soldAt":"2026-04-25T21:21:53","spectacleName":"OradeaSound"},{"id":18,"spectacleId":5,"buyerId":5,"buyerName":"ee","seats":1,"soldAt":"2026-04-25T21:22:57","spectacleName":"Summer Well"},{"id":19,"spectacleId":2,"buyerId":6,"buyerName":"www","seats":5,"soldAt":"2026-04-25T22:20:01","spectacleName":"Untold Festival 2024"},{"id":20,"spectacleId":13,"buyerId":7,"buyerName":"hhhh","seats":6,"soldAt":"2026-04-25T22:21:10","spectacleName":"OradeaSound"},{"id":21,"spectacleId":13,"buyerId":8,"buyerName":"rrr","seats":89,"soldAt":"2026-04-25T22:21:23","spectacleName":"OradeaSound"},{"id":22,"spectacleId":7,"buyerId":9,"buyerName":"ddd","seats":5,"soldAt":"2026-04-25T23:53:43","spectacleName":"Massif Poiana Brasov"},{"id":23,"spectacleId":7,"buyerId":10,"buyerName":"aaa","seats":8,"soldAt":"2026-04-25T23:54:37","spectacleName":"Massif Poiana Brasov"},{"id":24,"spectacleId":2,"buyerId":11,"buyerName":"xx","seats":5,"soldAt":"2026-04-26T17:42:30","spectacleName":"Untold Festival 2024"},{"id":25,"spectacleId":2,"buyerId":12,"buyerName":"dd","seats":5,"soldAt":"2026-04-27T12:26:21","spectacleName":"Untold Festival 2024"},{"id":26,"spectacleId":7,"buyerId":13,"buyerName":"lll","seats":10,"soldAt":"2026-04-27T13:00:19","spectacleName":"Massif Poiana Brasov"}]}
2026-04-27 13:03:15,964 [13] DEBUG ChatNetworking.JsonProtocol.ChatServicesJsonProxy - RAW RESPONSE RECEIVED: {"type":"SpectaclesList","errorMessage":null,"data":[{"id":2,"name":"Untold Festival 2024","startDate":"2024-08-08T18:00:00","duration":84,"capacity":100000,"location":"Cluj Arena"},{"id":3,"name":"Electric Castle","startDate":"2024-07-17T14:00:00","duration":100,"capacity":49990,"location":"Castelul Banffy"},{"id":4,"name":"Concert Coldplay","startDate":"2024-06-12T20:00:00","duration":3,"capacity":49981,"location":"Arena Nationala"},{"id":5,"name":"Summer Well","startDate":"2024-08-09T16:00:00","duration":50,"capacity":20000,"location":"Domeniul Stirbey"},{"id":6,"name":"Beach, Please!","startDate":"2024-07-10T12:00:00","duration":96,"capacity":79988,"location":"Costinesti"},{"id":7,"name":"Massif Poiana Brasov","startDate":"2024-03-14T17:00:00","duration":72,"capacity":15000,"location":"Poiana Brasov"},{"id":13,"name":"OradeaSound","startDate":"2026-04-11T00:00:56","duration":3,"capacity":100,"location":"Oradea"}]}
2026-04-27 13:03:15,965 [13] DEBUG ChatNetworking.JsonProtocol.ChatServicesJsonProxy - RAW RESPONSE RECEIVED: {"type":"IntegerValue","errorMessage":null,"data":65}
2026-04-27 13:03:15,966 [13] DEBUG ChatNetworking.JsonProtocol.ChatServicesJsonProxy - RAW RESPONSE RECEIVED: {"type":"IntegerValue","errorMessage":null,"data":10}
2026-04-27 13:03:15,967 [13] DEBUG ChatNetworking.JsonProtocol.ChatServicesJsonProxy - RAW RESPONSE RECEIVED: {"type":"IntegerValue","errorMessage":null,"data":0}
2026-04-27 13:03:15,968 [13] DEBUG ChatNetworking.JsonProtocol.ChatServicesJsonProxy - RAW RESPONSE RECEIVED: {"type":"IntegerValue","errorMessage":null,"data":1}
2026-04-27 13:03:15,968 [13] DEBUG ChatNetworking.JsonProtocol.ChatServicesJsonProxy - RAW RESPONSE RECEIVED: {"type":"IntegerValue","errorMessage":null,"data":0}
2026-04-27 13:03:15,969 [13] DEBUG ChatNetworking.JsonProtocol.ChatServicesJsonProxy - RAW RESPONSE RECEIVED: {"type":"IntegerValue","errorMessage":null,"data":23}
2026-04-27 13:03:15,970 [13] DEBUG ChatNetworking.JsonProtocol.ChatServicesJsonProxy - RAW RESPONSE RECEIVED: {"type":"IntegerValue","errorMessage":null,"data":100}
2026-04-27 13:03:15,971 [13] DEBUG ChatNetworking.JsonProtocol.ChatServicesJsonProxy - RAW RESPONSE RECEIVED: {"type":"SpectaclesList","errorMessage":null,"data":[{"id":2,"name":"Untold Festival 2024","startDate":"2024-08-08T18:00:00","duration":84,"capacity":100000,"location":"Cluj Arena"},{"id":3,"name":"Electric Castle","startDate":"2024-07-17T14:00:00","duration":100,"capacity":49990,"location":"Castelul Banffy"},{"id":4,"name":"Concert Coldplay","startDate":"2024-06-12T20:00:00","duration":3,"capacity":49981,"location":"Arena Nationala"},{"id":5,"name":"Summer Well","startDate":"2024-08-09T16:00:00","duration":50,"capacity":20000,"location":"Domeniul Stirbey"},{"id":6,"name":"Beach, Please!","startDate":"2024-07-10T12:00:00","duration":96,"capacity":79988,"location":"Costinesti"},{"id":7,"name":"Massif Poiana Brasov","startDate":"2024-03-14T17:00:00","duration":72,"capacity":15000,"location":"Poiana Brasov"},{"id":13,"name":"OradeaSound","startDate":"2026-04-11T00:00:56","duration":3,"capacity":100,"location":"Oradea"}]}
2026-04-27 13:03:15,973 [13] DEBUG ChatNetworking.JsonProtocol.ChatServicesJsonProxy - RAW RESPONSE RECEIVED: {"type":"IntegerValue","errorMessage":null,"data":65}
2026-04-27 13:03:15,974 [13] DEBUG ChatNetworking.JsonProtocol.ChatServicesJsonProxy - RAW RESPONSE RECEIVED: {"type":"IntegerValue","errorMessage":null,"data":10}
2026-04-27 13:03:15,975 [13] DEBUG ChatNetworking.JsonProtocol.ChatServicesJsonProxy - RAW RESPONSE RECEIVED: {"type":"IntegerValue","errorMessage":null,"data":0}
2026-04-27 13:03:15,976 [13] DEBUG ChatNetworking.JsonProtocol.ChatServicesJsonProxy - RAW RESPONSE RECEIVED: {"type":"IntegerValue","errorMessage":null,"data":1}
2026-04-27 13:03:15,977 [13] DEBUG ChatNetworking.JsonProtocol.ChatServicesJsonProxy - RAW RESPONSE RECEIVED: {"type":"IntegerValue","errorMessage":null,"data":0}
2026-04-27 13:03:15,978 [13] DEBUG ChatNetworking.JsonProtocol.ChatServicesJsonProxy - RAW RESPONSE RECEIVED: {"type":"IntegerValue","errorMessage":null,"data":23}
2026-04-27 13:03:15,979 [13] DEBUG ChatNetworking.JsonProtocol.ChatServicesJsonProxy - RAW RESPONSE RECEIVED: {"type":"IntegerValue","errorMessage":null,"data":100}
2026-04-27 13:03:15,980 [13] DEBUG ChatNetworking.JsonProtocol.ChatServicesJsonProxy - RAW RESPONSE RECEIVED: {"type":"SpectaclesList","errorMessage":null,"data":[{"id":2,"name":"Untold Festival 2024","startDate":"2024-08-08T18:00:00","duration":84,"capacity":100000,"location":"Cluj Arena"},{"id":3,"name":"Electric Castle","startDate":"2024-07-17T14:00:00","duration":100,"capacity":49990,"location":"Castelul Banffy"},{"id":4,"name":"Concert Coldplay","startDate":"2024-06-12T20:00:00","duration":3,"capacity":49981,"location":"Arena Nationala"},{"id":5,"name":"Summer Well","startDate":"2024-08-09T16:00:00","duration":50,"capacity":20000,"location":"Domeniul Stirbey"},{"id":6,"name":"Beach, Please!","startDate":"2024-07-10T12:00:00","duration":96,"capacity":79988,"location":"Costinesti"},{"id":7,"name":"Massif Poiana Brasov","startDate":"2024-03-14T17:00:00","duration":72,"capacity":15000,"location":"Poiana Brasov"},{"id":13,"name":"OradeaSound","startDate":"2026-04-11T00:00:56","duration":3,"capacity":100,"location":"Oradea"}]}
2026-04-27 13:03:15,981 [13] DEBUG ChatNetworking.JsonProtocol.ChatServicesJsonProxy - RAW RESPONSE RECEIVED: {"type":"IntegerValue","errorMessage":null,"data":65}
2026-04-27 13:03:15,983 [13] DEBUG ChatNetworking.JsonProtocol.ChatServicesJsonProxy - RAW RESPONSE RECEIVED: {"type":"IntegerValue","errorMessage":null,"data":10}
2026-04-27 13:03:15,984 [13] DEBUG ChatNetworking.JsonProtocol.ChatServicesJsonProxy - RAW RESPONSE RECEIVED: {"type":"IntegerValue","errorMessage":null,"data":0}
2026-04-27 13:03:15,985 [13] DEBUG ChatNetworking.JsonProtocol.ChatServicesJsonProxy - RAW RESPONSE RECEIVED: {"type":"IntegerValue","errorMessage":null,"data":1}
2026-04-27 13:03:15,986 [13] DEBUG ChatNetworking.JsonProtocol.ChatServicesJsonProxy - RAW RESPONSE RECEIVED: {"type":"IntegerValue","errorMessage":null,"data":0}
2026-04-27 13:03:15,987 [13] DEBUG ChatNetworking.JsonProtocol.ChatServicesJsonProxy - RAW RESPONSE RECEIVED: {"type":"IntegerValue","errorMessage":null,"data":23}
2026-04-27 13:03:15,988 [13] DEBUG ChatNetworking.JsonProtocol.ChatServicesJsonProxy - RAW RESPONSE RECEIVED: {"type":"IntegerValue","errorMessage":null,"data":100}
